BEGIN:VCALENDAR
VERSION:2.0
PRODID:-//Mozilla.org/NONSGML Mozilla Calendar V1.1//EN
BEGIN:VEVENT
SUMMARY:New Year's Day
DTSTART;VALUE=DATE:20240101
DTEND;VALUE=DATE:20240102
DTSTAMP:20241008T090618Z
UID:aea088d728e8146fd0f4d027ff1c4882-2024
CATEGORIES:Holidays
CLASS:public
DESCRIPTION:Public Holiday - New Year's Day (nieuwjaarsdag\, oud en nieuw)
  is the first day of a new calendar year. In the Netherlands\, it always f
 alls on January 1.
LAST-MODIFIED:20241008T090618Z
TRANSP:transparent
END:VEVENT
BEGIN:VEVENT
SUMMARY:Good Friday
DTSTART;VALUE=DATE:20240329
DTEND;VALUE=DATE:20240330
DTSTAMP:20241008T090618Z
UID:231340a2452059f16b5919f0fec49eda-2024
CATEGORIES:Holidays
CLASS:public
DESCRIPTION:Public Holiday - Good Friday is the Friday before Easter Sunda
 y in the Netherlands.
LAST-MODIFIED:20241008T090618Z
TRANSP:transparent
END:VEVENT
BEGIN:VEVENT
SUMMARY:Easter Sunday
DTSTART;VALUE=DATE:20240331
DTEND;VALUE=DATE:20240401
DTSTAMP:20241008T090618Z
UID:6adae374f181825f8e007eb7a60887ea-2024
CATEGORIES:Holidays
CLASS:public
DESCRIPTION:Public Holiday - On Easter Sunday (paaszondag\, pasen) many Ch
 ristians in the Netherlands celebrate the resurrection of Jesus after his 
 crucifixion.
LAST-MODIFIED:20241008T090618Z
TRANSP:transparent
END:VEVENT
BEGIN:VEVENT
SUMMARY:Easter Monday
DTSTART;VALUE=DATE:20240401
DTEND;VALUE=DATE:20240402
DTSTAMP:20241008T090618Z
UID:b275eb2855066d347b8699b9345c15d1-2024
CATEGORIES:Holidays
CLASS:public
DESCRIPTION:Public Holiday - Easter Monday (tweede paasdag) in the Netherl
 ands is the day after Easter Sunday.
LAST-MODIFIED:20241008T090618Z
TRANSP:transparent
END:VEVENT
BEGIN:VEVENT
SUMMARY:King's Birthday
DTSTART;VALUE=DATE:20240427
DTEND;VALUE=DATE:20240428
DTSTAMP:20241008T090618Z
UID:d743ddb6b882e8bb23248ce1decfe55e-2024
CATEGORIES:Holidays
CLASS:public
DESCRIPTION:Public Holiday - The King’s official birthday in the Netherl
 ands is a festive occasion that is annually celebrated on April 27.
LAST-MODIFIED:20241008T090618Z
TRANSP:transparent
END:VEVENT
BEGIN:VEVENT
SUMMARY:Liberation Day
DTSTART;VALUE=DATE:20240505
DTEND;VALUE=DATE:20240506
DTSTAMP:20241008T090618Z
UID:a096cc8875c531514dca974d607d39e2-2024
CATEGORIES:Holidays
CLASS:public
DESCRIPTION:Public Sector - Liberation Day in the Netherlands celebrates t
 he end of World War II in Europe.
LAST-MODIFIED:20241008T090618Z
TRANSP:transparent
END:VEVENT
BEGIN:VEVENT
SUMMARY:Ascension Day
DTSTART;VALUE=DATE:20240509
DTEND;VALUE=DATE:20240510
DTSTAMP:20241008T090618Z
UID:74eb6b6c0cfad7d24455cfcd8db56d50-2024
CATEGORIES:Holidays
CLASS:public
DESCRIPTION:Public Holiday - Ascension Day (hemelvaart) in the Netherlands
  is the 40th day of Easter and ten days before Pentecost.
LAST-MODIFIED:20241008T090618Z
TRANSP:transparent
END:VEVENT
BEGIN:VEVENT
SUMMARY:Whit Sunday
DTSTART;VALUE=DATE:20240519
DTEND;VALUE=DATE:20240520
DTSTAMP:20241008T090618Z
UID:102fe2311148fcf8ba6da7f8de7d97a0-2024
CATEGORIES:Holidays
CLASS:public
DESCRIPTION:Public Holiday - Pentecost (Pinksteren) in the Netherlands is 
 seven weeks after Easter Sunday. It commemorates the Holy Spirit's descent
  from heaven onto Jesus' followers.
LAST-MODIFIED:20241008T090618Z
TRANSP:transparent
END:VEVENT
BEGIN:VEVENT
SUMMARY:Whit Monday
DTSTART;VALUE=DATE:20240520
DTEND;VALUE=DATE:20240521
DTSTAMP:20241008T090618Z
UID:de00576f5ae9278fbc2a1ed35343560e-2024
CATEGORIES:Holidays
CLASS:public
DESCRIPTION:Public Holiday - The second day of Pentecost (tweede pinksterd
 ag) in the Netherlands is on a Monday seven weeks after Easter Monday.
LAST-MODIFIED:20241008T090618Z
TRANSP:transparent
END:VEVENT
BEGIN:VEVENT
SUMMARY:Christmas Day
DTSTART;VALUE=DATE:20241225
DTEND;VALUE=DATE:20241226
DTSTAMP:20241008T090618Z
UID:ef10e1479a9d0b67dadb23eefaa1766f-2024
CATEGORIES:Holidays
CLASS:public
DESCRIPTION:Public Holiday - Christmas Day (kerst\, kerstmis) is a public 
 holiday in the Netherlands that commemorates Jesus Christ's birth. It alwa
 ys falls on December 25.
LAST-MODIFIED:20241008T090618Z
TRANSP:transparent
END:VEVENT
BEGIN:VEVENT
SUMMARY:Second Day of Christmas
DTSTART;VALUE=DATE:20241226
DTEND;VALUE=DATE:20241227
DTSTAMP:20241008T090618Z
UID:558b531a1085eab7e21819d83ec9e9e2-2024
CATEGORIES:Holidays
CLASS:public
DESCRIPTION:Public Holiday - The second day of Christmas is a holiday for 
 many people in the Netherlands. It always falls on December 26.
LAST-MODIFIED:20241008T090618Z
TRANSP:transparent
END:VEVENT
BEGIN:VEVENT
SUMMARY:New Year's Day
DTSTART;VALUE=DATE:20250101
DTEND;VALUE=DATE:20250102
DTSTAMP:20241008T090619Z
UID:aea088d728e8146fd0f4d027ff1c4882-2025
CATEGORIES:Holidays
CLASS:public
DESCRIPTION:Public Holiday - New Year's Day (nieuwjaarsdag\, oud en nieuw)
  is the first day of a new calendar year. In the Netherlands\, it always f
 alls on January 1.
LAST-MODIFIED:20241008T090619Z
TRANSP:transparent
END:VEVENT
BEGIN:VEVENT
SUMMARY:Good Friday
DTSTART;VALUE=DATE:20250418
DTEND;VALUE=DATE:20250419
DTSTAMP:20241008T090619Z
UID:231340a2452059f16b5919f0fec49eda-2025
CATEGORIES:Holidays
CLASS:public
DESCRIPTION:Public Holiday - Good Friday is the Friday before Easter Sunda
 y in the Netherlands.
LAST-MODIFIED:20241008T090619Z
TRANSP:transparent
END:VEVENT
BEGIN:VEVENT
SUMMARY:Easter Sunday
DTSTART;VALUE=DATE:20250420
DTEND;VALUE=DATE:20250421
DTSTAMP:20241008T090619Z
UID:6adae374f181825f8e007eb7a60887ea-2025
CATEGORIES:Holidays
CLASS:public
DESCRIPTION:Public Holiday - On Easter Sunday (paaszondag\, pasen) many Ch
 ristians in the Netherlands celebrate the resurrection of Jesus after his 
 crucifixion.
LAST-MODIFIED:20241008T090619Z
TRANSP:transparent
END:VEVENT
BEGIN:VEVENT
SUMMARY:Easter Monday
DTSTART;VALUE=DATE:20250421
DTEND;VALUE=DATE:20250422
DTSTAMP:20241008T090619Z
UID:b275eb2855066d347b8699b9345c15d1-2025
CATEGORIES:Holidays
CLASS:public
DESCRIPTION:Public Holiday - Easter Monday (tweede paasdag) in the Netherl
 ands is the day after Easter Sunday.
LAST-MODIFIED:20241008T090619Z
TRANSP:transparent
END:VEVENT
BEGIN:VEVENT
SUMMARY:King's Birthday
DTSTART;VALUE=DATE:20250426
DTEND;VALUE=DATE:20250427
DTSTAMP:20241008T090619Z
UID:d743ddb6b882e8bb23248ce1decfe55e-2025
CATEGORIES:Holidays
CLASS:public
DESCRIPTION:Public Holiday - The King’s official birthday in the Netherl
 ands is a festive occasion that is annually celebrated on April 27.
LAST-MODIFIED:20241008T090619Z
TRANSP:transparent
END:VEVENT
BEGIN:VEVENT
SUMMARY:Liberation Day
DTSTART;VALUE=DATE:20250505
DTEND;VALUE=DATE:20250506
DTSTAMP:20241008T090619Z
UID:a096cc8875c531514dca974d607d39e2-2025
CATEGORIES:Holidays
CLASS:public
DESCRIPTION:Public Holiday - Liberation Day in the Netherlands celebrates 
 the end of World War II in Europe.
LAST-MODIFIED:20241008T090619Z
TRANSP:transparent
END:VEVENT
BEGIN:VEVENT
SUMMARY:Ascension Day
DTSTART;VALUE=DATE:20250529
DTEND;VALUE=DATE:20250530
DTSTAMP:20241008T090619Z
UID:74eb6b6c0cfad7d24455cfcd8db56d50-2025
CATEGORIES:Holidays
CLASS:public
DESCRIPTION:Public Holiday - Ascension Day (hemelvaart) in the Netherlands
  is the 40th day of Easter and ten days before Pentecost.
LAST-MODIFIED:20241008T090619Z
TRANSP:transparent
END:VEVENT
BEGIN:VEVENT
SUMMARY:Whit Sunday
DTSTART;VALUE=DATE:20250608
DTEND;VALUE=DATE:20250609
DTSTAMP:20241008T090619Z
UID:102fe2311148fcf8ba6da7f8de7d97a0-2025
CATEGORIES:Holidays
CLASS:public
DESCRIPTION:Public Holiday - Pentecost (Pinksteren) in the Netherlands is 
 seven weeks after Easter Sunday. It commemorates the Holy Spirit's descent
  from heaven onto Jesus' followers.
LAST-MODIFIED:20241008T090619Z
TRANSP:transparent
END:VEVENT
BEGIN:VEVENT
SUMMARY:Whit Monday
DTSTART;VALUE=DATE:20250609
DTEND;VALUE=DATE:20250610
DTSTAMP:20241008T090619Z
UID:de00576f5ae9278fbc2a1ed35343560e-2025
CATEGORIES:Holidays
CLASS:public
DESCRIPTION:Public Holiday - The second day of Pentecost (tweede pinksterd
 ag) in the Netherlands is on a Monday seven weeks after Easter Monday.
LAST-MODIFIED:20241008T090619Z
TRANSP:transparent
END:VEVENT
BEGIN:VEVENT
SUMMARY:Christmas Day
DTSTART;VALUE=DATE:20251225
DTEND;VALUE=DATE:20251226
DTSTAMP:20241008T090619Z
UID:ef10e1479a9d0b67dadb23eefaa1766f-2025
CATEGORIES:Holidays
CLASS:public
DESCRIPTION:Public Holiday - Christmas Day (kerst\, kerstmis) is a public 
 holiday in the Netherlands that commemorates Jesus Christ's birth. It alwa
 ys falls on December 25.
LAST-MODIFIED:20241008T090619Z
TRANSP:transparent
END:VEVENT
BEGIN:VEVENT
SUMMARY:Second Day of Christmas
DTSTART;VALUE=DATE:20251226
DTEND;VALUE=DATE:20251227
DTSTAMP:20241008T090619Z
UID:558b531a1085eab7e21819d83ec9e9e2-2025
CATEGORIES:Holidays
CLASS:public
DESCRIPTION:Public Holiday - The second day of Christmas is a holiday for 
 many people in the Netherlands. It always falls on December 26.
LAST-MODIFIED:20241008T090619Z
TRANSP:transparent
END:VEVENT
BEGIN:VEVENT
SUMMARY:New Year's Day
DTSTART;VALUE=DATE:20260101
DTEND;VALUE=DATE:20260102
DTSTAMP:20241008T090619Z
UID:aea088d728e8146fd0f4d027ff1c4882-2026
CATEGORIES:Holidays
CLASS:public
DESCRIPTION:Public Holiday - New Year's Day (nieuwjaarsdag\, oud en nieuw)
  is the first day of a new calendar year. In the Netherlands\, it always f
 alls on January 1.
LAST-MODIFIED:20241008T090619Z
TRANSP:transparent
END:VEVENT
BEGIN:VEVENT
SUMMARY:Good Friday
DTSTART;VALUE=DATE:20260403
DTEND;VALUE=DATE:20260404
DTSTAMP:20241008T090619Z
UID:231340a2452059f16b5919f0fec49eda-2026
CATEGORIES:Holidays
CLASS:public
DESCRIPTION:Public Holiday - Good Friday is the Friday before Easter Sunda
 y in the Netherlands.
LAST-MODIFIED:20241008T090619Z
TRANSP:transparent
END:VEVENT
BEGIN:VEVENT
SUMMARY:Easter Sunday
DTSTART;VALUE=DATE:20260405
DTEND;VALUE=DATE:20260406
DTSTAMP:20241008T090619Z
UID:6adae374f181825f8e007eb7a60887ea-2026
CATEGORIES:Holidays
CLASS:public
DESCRIPTION:Public Holiday - On Easter Sunday (paaszondag\, pasen) many Ch
 ristians in the Netherlands celebrate the resurrection of Jesus after his 
 crucifixion.
LAST-MODIFIED:20241008T090619Z
TRANSP:transparent
END:VEVENT
BEGIN:VEVENT
SUMMARY:Easter Monday
DTSTART;VALUE=DATE:20260406
DTEND;VALUE=DATE:20260407
DTSTAMP:20241008T090619Z
UID:b275eb2855066d347b8699b9345c15d1-2026
CATEGORIES:Holidays
CLASS:public
DESCRIPTION:Public Holiday - Easter Monday (tweede paasdag) in the Netherl
 ands is the day after Easter Sunday.
LAST-MODIFIED:20241008T090619Z
TRANSP:transparent
END:VEVENT
BEGIN:VEVENT
SUMMARY:King's Birthday
DTSTART;VALUE=DATE:20260427
DTEND;VALUE=DATE:20260428
DTSTAMP:20241008T090619Z
UID:d743ddb6b882e8bb23248ce1decfe55e-2026
CATEGORIES:Holidays
CLASS:public
DESCRIPTION:Public Holiday - The King’s official birthday in the Netherl
 ands is a festive occasion that is annually celebrated on April 27.
LAST-MODIFIED:20241008T090619Z
TRANSP:transparent
END:VEVENT
BEGIN:VEVENT
SUMMARY:Liberation Day
DTSTART;VALUE=DATE:20260505
DTEND;VALUE=DATE:20260506
DTSTAMP:20241008T090619Z
UID:a096cc8875c531514dca974d607d39e2-2026
CATEGORIES:Holidays
CLASS:public
DESCRIPTION:Public Sector - Liberation Day in the Netherlands celebrates t
 he end of World War II in Europe.
LAST-MODIFIED:20241008T090619Z
TRANSP:transparent
END:VEVENT
BEGIN:VEVENT
SUMMARY:Ascension Day
DTSTART;VALUE=DATE:20260514
DTEND;VALUE=DATE:20260515
DTSTAMP:20241008T090619Z
UID:74eb6b6c0cfad7d24455cfcd8db56d50-2026
CATEGORIES:Holidays
CLASS:public
DESCRIPTION:Public Holiday - Ascension Day (hemelvaart) in the Netherlands
  is the 40th day of Easter and ten days before Pentecost.
LAST-MODIFIED:20241008T090619Z
TRANSP:transparent
END:VEVENT
BEGIN:VEVENT
SUMMARY:Whit Sunday
DTSTART;VALUE=DATE:20260524
DTEND;VALUE=DATE:20260525
DTSTAMP:20241008T090619Z
UID:102fe2311148fcf8ba6da7f8de7d97a0-2026
CATEGORIES:Holidays
CLASS:public
DESCRIPTION:Public Holiday - Pentecost (Pinksteren) in the Netherlands is 
 seven weeks after Easter Sunday. It commemorates the Holy Spirit's descent
  from heaven onto Jesus' followers.
LAST-MODIFIED:20241008T090619Z
TRANSP:transparent
END:VEVENT
BEGIN:VEVENT
SUMMARY:Whit Monday
DTSTART;VALUE=DATE:20260525
DTEND;VALUE=DATE:20260526
DTSTAMP:20241008T090619Z
UID:de00576f5ae9278fbc2a1ed35343560e-2026
CATEGORIES:Holidays
CLASS:public
DESCRIPTION:Public Holiday - The second day of Pentecost (tweede pinksterd
 ag) in the Netherlands is on a Monday seven weeks after Easter Monday.
LAST-MODIFIED:20241008T090619Z
TRANSP:transparent
END:VEVENT
BEGIN:VEVENT
SUMMARY:Christmas Day
DTSTART;VALUE=DATE:20261225
DTEND;VALUE=DATE:20261226
DTSTAMP:20241008T090619Z
UID:ef10e1479a9d0b67dadb23eefaa1766f-2026
CATEGORIES:Holidays
CLASS:public
DESCRIPTION:Public Holiday - Christmas Day (kerst\, kerstmis) is a public 
 holiday in the Netherlands that commemorates Jesus Christ's birth. It alwa
 ys falls on December 25.
LAST-MODIFIED:20241008T090619Z
TRANSP:transparent
END:VEVENT
BEGIN:VEVENT
SUMMARY:Second Day of Christmas
DTSTART;VALUE=DATE:20261226
DTEND;VALUE=DATE:20261227
DTSTAMP:20241008T090619Z
UID:558b531a1085eab7e21819d83ec9e9e2-2026
CATEGORIES:Holidays
CLASS:public
DESCRIPTION:Public Holiday - The second day of Christmas is a holiday for 
 many people in the Netherlands. It always falls on December 26.
LAST-MODIFIED:20241008T090619Z
TRANSP:transparent
END:VEVENT
END:VCALENDAR
