BEGIN:VCALENDAR
VERSION:2.0
PRODID:-//Mozilla.org/NONSGML Mozilla Calendar V1.1//EN
BEGIN:VEVENT
SUMMARY:Dia de Ano Novo 
DTSTART;VALUE=DATE:20250101
DTEND;VALUE=DATE:20250102
DTSTAMP:20250430T134842Z
UID:097724db883784850b1d858e59fdfbbe-2025-all
CATEGORIES:Holidays
CLASS:public
DESCRIPTION:National holiday -  Dia de Ano Novo é o primeiro dia do ano\,
  ou 1º de janeiro\, no calendário gregoriano.
LAST-MODIFIED:20250430T134842Z
TRANSP:TRANSPARENT
END:VEVENT
BEGIN:VEVENT
SUMMARY:Sexta-feira Santa 
DTSTART;VALUE=DATE:20250418
DTEND;VALUE=DATE:20250419
DTSTAMP:20250430T134842Z
UID:01a8266701860247cf6e8517254952d7-2025-all
CATEGORIES:Holidays
CLASS:public
DESCRIPTION:National holiday -  Sexta-feira Santa é uma observância cris
 tã global dois dias antes do Domingo de Páscoa.
LAST-MODIFIED:20250430T134842Z
TRANSP:TRANSPARENT
END:VEVENT
BEGIN:VEVENT
SUMMARY:Domingo de Páscoa 
DTSTART;VALUE=DATE:20250420
DTEND;VALUE=DATE:20250421
DTSTAMP:20250430T134842Z
UID:3c1d6d79742ed9fe8bedf11110c6a5de-2025-all
CATEGORIES:Holidays
CLASS:public
DESCRIPTION:National holiday -  O Domingo de Páscoa comemora a ressurrei
 ção de Jesus Cristo\, de acordo com a crença cristã.
LAST-MODIFIED:20250430T134842Z
TRANSP:TRANSPARENT
END:VEVENT
BEGIN:VEVENT
SUMMARY:Dia da Liberdade 
DTSTART;VALUE=DATE:20250425
DTEND;VALUE=DATE:20250426
DTSTAMP:20250430T134842Z
UID:319684dace8dfec7316432cad53775a1-2025-all
CATEGORIES:Holidays
CLASS:public
DESCRIPTION:National holiday -  O Dia da Liberdade é um feriado nacional 
 em Portugal
LAST-MODIFIED:20250430T134842Z
TRANSP:TRANSPARENT
END:VEVENT
BEGIN:VEVENT
SUMMARY:Dia do Trabalho/Dia de Maio 
DTSTART;VALUE=DATE:20250501
DTEND;VALUE=DATE:20250502
DTSTAMP:20250430T134842Z
UID:9ff40eb8b75d9ac6d58a28821a5345f0-2025-all
CATEGORIES:Holidays
CLASS:public
DESCRIPTION:National holiday -  Dia do Trabalho\, Dia Internacional dos Tr
 abalhadores e Dia de Maio\, é um dia de folga para trabalhadores em muito
 s países ao redor do mundo.
LAST-MODIFIED:20250430T134842Z
TRANSP:TRANSPARENT
END:VEVENT
BEGIN:VEVENT
SUMMARY:Dia de Portugal 
DTSTART;VALUE=DATE:20250610
DTEND;VALUE=DATE:20250611
DTSTAMP:20250430T134842Z
UID:2fc740bb8e3313aef7f06bf2cb43624d-2025-all
CATEGORIES:Holidays
CLASS:public
DESCRIPTION:National holiday -  O Dia de Portugal é um feriado nacional e
 m Portugal
LAST-MODIFIED:20250430T134842Z
TRANSP:TRANSPARENT
END:VEVENT
BEGIN:VEVENT
SUMMARY:Corpus Christi 
DTSTART;VALUE=DATE:20250619
DTEND;VALUE=DATE:20250620
DTSTAMP:20250430T134842Z
UID:efd7eabca12212e275877f12cd29299f-2025-all
CATEGORIES:Holidays
CLASS:public
DESCRIPTION:National holiday -  Corpus Christi é uma festa cristã em hom
 enagem à Sagrada Eucaristia.
LAST-MODIFIED:20250430T134842Z
TRANSP:TRANSPARENT
END:VEVENT
BEGIN:VEVENT
SUMMARY:Assunção de Maria 
DTSTART;VALUE=DATE:20250815
DTEND;VALUE=DATE:20250816
DTSTAMP:20250430T134842Z
UID:f5d836f15b83c6b5cc19cfbf1208b14d-2025-all
CATEGORIES:Holidays
CLASS:public
DESCRIPTION:National holiday -  A festa cristã da Assunção de Maria é 
 em ou por volta de 15 de agosto na maioria dos países. Alguns celebram o 
 Dia da Assunção em outras épocas do ano.
LAST-MODIFIED:20250430T134842Z
TRANSP:TRANSPARENT
END:VEVENT
BEGIN:VEVENT
SUMMARY:Dia da República 
DTSTART;VALUE=DATE:20251005
DTEND;VALUE=DATE:20251006
DTSTAMP:20250430T134842Z
UID:af03df9a33eeab8337e35c59b4b2f6b2-2025-all
CATEGORIES:Holidays
CLASS:public
DESCRIPTION:National holiday -  Dia da República é um feriado nacional e
 m Portugal
LAST-MODIFIED:20250430T134842Z
TRANSP:TRANSPARENT
END:VEVENT
BEGIN:VEVENT
SUMMARY:Dia de Todos os Santos 
DTSTART;VALUE=DATE:20251101
DTEND;VALUE=DATE:20251102
DTSTAMP:20250430T134842Z
UID:a883319bdca503089b7088d5be579a11-2025-all
CATEGORIES:Holidays
CLASS:public
DESCRIPTION:National holiday -  Muitas igrejas honram todos os seus santos
  no Dia de Todos os Santos\, também conhecido como Dia de Todos os Santos
 .
LAST-MODIFIED:20250430T134842Z
TRANSP:TRANSPARENT
END:VEVENT
BEGIN:VEVENT
SUMMARY:Restauração da Independência 
DTSTART;VALUE=DATE:20251201
DTEND;VALUE=DATE:20251202
DTSTAMP:20250430T134842Z
UID:37bdcb96b0d013cce8e81d4722c8a144-2025-all
CATEGORIES:Holidays
CLASS:public
DESCRIPTION:National holiday -  Restauração da Independência é um feri
 ado nacional em Portugal
LAST-MODIFIED:20250430T134842Z
TRANSP:TRANSPARENT
END:VEVENT
BEGIN:VEVENT
SUMMARY:Festa da Imaculada Conceição 
DTSTART;VALUE=DATE:20251208
DTEND;VALUE=DATE:20251209
DTSTAMP:20250430T134842Z
UID:126bdf8a631d9f8446aeb5fb8c390560-2025-all
CATEGORIES:Holidays
CLASS:public
DESCRIPTION:National holiday -  A Festa da Imaculada Conceição é uma ob
 servância cristã em 8 de dezembro de cada ano.
LAST-MODIFIED:20250430T134842Z
TRANSP:TRANSPARENT
END:VEVENT
BEGIN:VEVENT
SUMMARY:Dia de Natal 
DTSTART;VALUE=DATE:20251225
DTEND;VALUE=DATE:20251226
DTSTAMP:20250430T134842Z
UID:30855cbabd7ac2fb660581b74db7449f-2025-all
CATEGORIES:Holidays
CLASS:public
DESCRIPTION:National holiday -  O Dia de Natal é uma das maiores celebra
 ções cristãs e cai em 25 de dezembro no calendário gregoriano.
LAST-MODIFIED:20250430T134842Z
TRANSP:TRANSPARENT
END:VEVENT
BEGIN:VEVENT
SUMMARY:Carnaval/Terça-feira Gorda/Dia da Panqueca 
DTSTART;VALUE=DATE:20250304
DTEND;VALUE=DATE:20250305
DTSTAMP:20250430T134842Z
UID:f1ade8b1a0841ae718ede7b8655b01d7-2025-all
CATEGORIES:Holidays
CLASS:public
DESCRIPTION:Optional Holiday -  A terça-feira gorda é um feriado religio
 so antes do período de jejum da Quaresma. É comemorado comendo panquecas
  e realizando desfiles de carnaval.
LAST-MODIFIED:20250430T134842Z
TRANSP:TRANSPARENT
END:VEVENT
BEGIN:VEVENT
SUMMARY:Dia de São José  (Santarém)
DTSTART;VALUE=DATE:20250319
DTEND;VALUE=DATE:20250320
DTSTAMP:20250430T134842Z
UID:2d41beb35927478bbb57d544c2d47ea8-2025-santarém
CATEGORIES:Holidays
CLASS:public
DESCRIPTION:District Holiday -  O Dia de São José é um feriado distrita
 l em Portugal
LAST-MODIFIED:20250430T134842Z
TRANSP:TRANSPARENT
END:VEVENT
BEGIN:VEVENT
SUMMARY:Nossa Senhora de Mércoles  (Castelo Branco)
DTSTART;VALUE=DATE:20250506
DTEND;VALUE=DATE:20250507
DTSTAMP:20250430T134842Z
UID:7fb7c020ffbbdaa641a10b90b9867d45-2025-castelo branco
CATEGORIES:Holidays
CLASS:public
DESCRIPTION:District Holiday -  Nossa Senhora de Mércoles é um feriado d
 istrital em Portugal
LAST-MODIFIED:20250430T134842Z
TRANSP:TRANSPARENT
END:VEVENT
BEGIN:VEVENT
SUMMARY:Dia de Santa Joana  (Aveiro)
DTSTART;VALUE=DATE:20250512
DTEND;VALUE=DATE:20250513
DTSTAMP:20250430T134842Z
UID:36b148e6fe5541f48a6c28850634d8a6-2025-aveiro
CATEGORIES:Holidays
CLASS:public
DESCRIPTION:District Holiday -  Dia de Santa Joana é um feriado distrital
  em Portugal
LAST-MODIFIED:20250430T134842Z
TRANSP:TRANSPARENT
END:VEVENT
BEGIN:VEVENT
SUMMARY:Dia de Leiria  (Leiria)
DTSTART;VALUE=DATE:20250522
DTEND;VALUE=DATE:20250523
DTSTAMP:20250430T134842Z
UID:12a9ccae62653dabd2fdfc26760b573f-2025-leiria
CATEGORIES:Holidays
CLASS:public
DESCRIPTION:District Holiday -  O Dia de Leiria é um feriado distrital em
  Portugal
LAST-MODIFIED:20250430T134842Z
TRANSP:TRANSPARENT
END:VEVENT
BEGIN:VEVENT
SUMMARY:Dia de Portalegre  (Portalegre)
DTSTART;VALUE=DATE:20250523
DTEND;VALUE=DATE:20250524
DTSTAMP:20250430T134842Z
UID:742ffa38e2d044b923fafa89273c74f8-2025-portalegre
CATEGORIES:Holidays
CLASS:public
DESCRIPTION:District Holiday -  O Dia de Portalegre é um feriado distrita
 l em Portugal
LAST-MODIFIED:20250430T134842Z
TRANSP:TRANSPARENT
END:VEVENT
BEGIN:VEVENT
SUMMARY:Dia da Ascensão  (Beja)
DTSTART;VALUE=DATE:20250529
DTEND;VALUE=DATE:20250530
DTSTAMP:20250430T134842Z
UID:94e385c05e4ab256ce7c8fbe58781596-2025-beja
CATEGORIES:Holidays
CLASS:public
DESCRIPTION:District Holiday -  O Dia da Ascensão é o 40º dia da Pásco
 a. É um feriado religioso que comemora a ascensão de Jesus Cristo ao cé
 u.
LAST-MODIFIED:20250430T134842Z
TRANSP:TRANSPARENT
END:VEVENT
BEGIN:VEVENT
SUMMARY:Dia dos Açores  (Azores)
DTSTART;VALUE=DATE:20250609
DTEND;VALUE=DATE:20250610
DTSTAMP:20250430T134842Z
UID:e473c7176f2ffb1d40d92e698e255f14-2025-azores
CATEGORIES:Holidays
CLASS:public
DESCRIPTION:Regional Holiday -  O Dia dos Açores é um feriado regional e
 m Portugal
LAST-MODIFIED:20250430T134842Z
TRANSP:TRANSPARENT
END:VEVENT
BEGIN:VEVENT
SUMMARY:Dia de Santo António  (Lisbon\, Vila Real)
DTSTART;VALUE=DATE:20250613
DTEND;VALUE=DATE:20250614
DTSTAMP:20250430T134842Z
UID:9b04138258abbda9754c591e8a76a1f9-2025-lisbon-vila real
CATEGORIES:Holidays
CLASS:public
DESCRIPTION:District Holiday -  O Dia de Santo António é um feriado dist
 rital em Portugal
LAST-MODIFIED:20250430T134842Z
TRANSP:TRANSPARENT
END:VEVENT
BEGIN:VEVENT
SUMMARY:Dia de São João  (Porto\, Braga)
DTSTART;VALUE=DATE:20250624
DTEND;VALUE=DATE:20250625
DTSTAMP:20250430T134842Z
UID:1cb53d4e522e8fd1f1898800773de7e5-2025-porto-braga
CATEGORIES:Holidays
CLASS:public
DESCRIPTION:District Holiday -  O Dia de São João é um feriado distrita
 l em Portugal
LAST-MODIFIED:20250430T134842Z
TRANSP:TRANSPARENT
END:VEVENT
BEGIN:VEVENT
SUMMARY:Dia de São Pedro  (Évora)
DTSTART;VALUE=DATE:20250629
DTEND;VALUE=DATE:20250630
DTSTAMP:20250430T134842Z
UID:b3eab0a6dadff6a2b3299968c9ef956a-2025-évora
CATEGORIES:Holidays
CLASS:public
DESCRIPTION:District Holiday -  O Dia de São Pedro é um feriado distrita
 l em Portugal
LAST-MODIFIED:20250430T134842Z
TRANSP:TRANSPARENT
END:VEVENT
BEGIN:VEVENT
SUMMARY:Dia da Madeira  (Madeira)
DTSTART;VALUE=DATE:20250701
DTEND;VALUE=DATE:20250702
DTSTAMP:20250430T134842Z
UID:caa73c557779a9ae132769152df37c7e-2025-madeira
CATEGORIES:Holidays
CLASS:public
DESCRIPTION:Regional Holiday -  O Dia da Madeira é um feriado regional em
  Portugal
LAST-MODIFIED:20250430T134842Z
TRANSP:TRANSPARENT
END:VEVENT
BEGIN:VEVENT
SUMMARY:Dia de Santa Isabel  (Coimbra)
DTSTART;VALUE=DATE:20250704
DTEND;VALUE=DATE:20250705
DTSTAMP:20250430T134842Z
UID:ac2a588f71a573ab0957bbbfaea5a1a2-2025-coimbra
CATEGORIES:Holidays
CLASS:public
DESCRIPTION:District Holiday -  O Dia de Santa Isabel é um feriado distri
 tal em Portugal
LAST-MODIFIED:20250430T134842Z
TRANSP:TRANSPARENT
END:VEVENT
BEGIN:VEVENT
SUMMARY:Nossa Senhora das Dores  (Viana do Castelo)
DTSTART;VALUE=DATE:20250820
DTEND;VALUE=DATE:20250821
DTSTAMP:20250430T134842Z
UID:763ba9b5f0319c2de045c235b0fd3fca-2025-viana do castelo
CATEGORIES:Holidays
CLASS:public
DESCRIPTION:District Holiday -  Nossa Senhora das Dores é um feriado dist
 rital em Portugal
LAST-MODIFIED:20250430T134842Z
TRANSP:TRANSPARENT
END:VEVENT
BEGIN:VEVENT
SUMMARY:Nossa Senhora das Graças  (Bragança)
DTSTART;VALUE=DATE:20250822
DTEND;VALUE=DATE:20250823
DTSTAMP:20250430T134842Z
UID:b4e2c79fb3e84ede40ba92bff2b9eda9-2025-bragança
CATEGORIES:Holidays
CLASS:public
DESCRIPTION:District Holiday -  Nossa Senhora das Graças é um feriado di
 strital em Portugal
LAST-MODIFIED:20250430T134842Z
TRANSP:TRANSPARENT
END:VEVENT
BEGIN:VEVENT
SUMMARY:Dia de Faro  (Faro)
DTSTART;VALUE=DATE:20250907
DTEND;VALUE=DATE:20250908
DTSTAMP:20250430T134842Z
UID:2e29a6b8cee5a6fde7ddf534ac627dbe-2025-faro
CATEGORIES:Holidays
CLASS:public
DESCRIPTION:District Holiday -  Dia de Faro é um feriado distrital em Por
 tugal
LAST-MODIFIED:20250430T134842Z
TRANSP:TRANSPARENT
END:VEVENT
BEGIN:VEVENT
SUMMARY:Nascimento de Bocage  (Setúbal)
DTSTART;VALUE=DATE:20250915
DTEND;VALUE=DATE:20250916
DTSTAMP:20250430T134842Z
UID:9293dcdb84f1918da9e5d3710ae3f82b-2025-setúbal
CATEGORIES:Holidays
CLASS:public
DESCRIPTION:District Holiday -  Nascimento de Bocage é um feriado distrit
 al em Portugal
LAST-MODIFIED:20250430T134842Z
TRANSP:TRANSPARENT
END:VEVENT
BEGIN:VEVENT
SUMMARY:Dia de São Mateus  (Viseu)
DTSTART;VALUE=DATE:20250921
DTEND;VALUE=DATE:20250922
DTSTAMP:20250430T134842Z
UID:1c754da44ff49bccbf29c5db941daaae-2025-viseu
CATEGORIES:Holidays
CLASS:public
DESCRIPTION:District Holiday -  O Dia de São Mateus é um feriado distrit
 al em Portugal
LAST-MODIFIED:20250430T134842Z
TRANSP:TRANSPARENT
END:VEVENT
BEGIN:VEVENT
SUMMARY:Foral de Sancho I  (Guarda)
DTSTART;VALUE=DATE:20251127
DTEND;VALUE=DATE:20251128
DTSTAMP:20250430T134842Z
UID:777d9e92cdf522d4d83e8b70aa1c7521-2025-guarda
CATEGORIES:Holidays
CLASS:public
DESCRIPTION:District Holiday -  Foral de Sancho I é um feriado distrital 
 em Portugal
LAST-MODIFIED:20250430T134842Z
TRANSP:TRANSPARENT
END:VEVENT
BEGIN:VEVENT
SUMMARY:Dia de Ano Novo 
DTSTART;VALUE=DATE:20260101
DTEND;VALUE=DATE:20260102
DTSTAMP:20250430T134842Z
UID:097724db883784850b1d858e59fdfbbe-2026-all
CATEGORIES:Holidays
CLASS:public
DESCRIPTION:National holiday -  Dia de Ano Novo é o primeiro dia do ano\,
  ou 1º de janeiro\, no calendário gregoriano.
LAST-MODIFIED:20250430T134842Z
TRANSP:TRANSPARENT
END:VEVENT
BEGIN:VEVENT
SUMMARY:Sexta-feira Santa 
DTSTART;VALUE=DATE:20260403
DTEND;VALUE=DATE:20260404
DTSTAMP:20250430T134842Z
UID:01a8266701860247cf6e8517254952d7-2026-all
CATEGORIES:Holidays
CLASS:public
DESCRIPTION:National holiday -  Sexta-feira Santa é uma observância cris
 tã global dois dias antes do Domingo de Páscoa.
LAST-MODIFIED:20250430T134842Z
TRANSP:TRANSPARENT
END:VEVENT
BEGIN:VEVENT
SUMMARY:Domingo de Páscoa 
DTSTART;VALUE=DATE:20260405
DTEND;VALUE=DATE:20260406
DTSTAMP:20250430T134842Z
UID:3c1d6d79742ed9fe8bedf11110c6a5de-2026-all
CATEGORIES:Holidays
CLASS:public
DESCRIPTION:National holiday -  O Domingo de Páscoa comemora a ressurrei
 ção de Jesus Cristo\, de acordo com a crença cristã.
LAST-MODIFIED:20250430T134842Z
TRANSP:TRANSPARENT
END:VEVENT
BEGIN:VEVENT
SUMMARY:Dia da Liberdade 
DTSTART;VALUE=DATE:20260425
DTEND;VALUE=DATE:20260426
DTSTAMP:20250430T134842Z
UID:319684dace8dfec7316432cad53775a1-2026-all
CATEGORIES:Holidays
CLASS:public
DESCRIPTION:National holiday -  O Dia da Liberdade é um feriado nacional 
 em Portugal
LAST-MODIFIED:20250430T134842Z
TRANSP:TRANSPARENT
END:VEVENT
BEGIN:VEVENT
SUMMARY:Dia do Trabalho/Dia de Maio 
DTSTART;VALUE=DATE:20260501
DTEND;VALUE=DATE:20260502
DTSTAMP:20250430T134842Z
UID:9ff40eb8b75d9ac6d58a28821a5345f0-2026-all
CATEGORIES:Holidays
CLASS:public
DESCRIPTION:National holiday -  Dia do Trabalho\, Dia Internacional dos Tr
 abalhadores e Dia de Maio\, é um dia de folga para trabalhadores em muito
 s países ao redor do mundo.
LAST-MODIFIED:20250430T134842Z
TRANSP:TRANSPARENT
END:VEVENT
BEGIN:VEVENT
SUMMARY:Corpus Christi 
DTSTART;VALUE=DATE:20260604
DTEND;VALUE=DATE:20260605
DTSTAMP:20250430T134842Z
UID:efd7eabca12212e275877f12cd29299f-2026-all
CATEGORIES:Holidays
CLASS:public
DESCRIPTION:National holiday -  Corpus Christi é uma festa cristã em hom
 enagem à Sagrada Eucaristia.
LAST-MODIFIED:20250430T134842Z
TRANSP:TRANSPARENT
END:VEVENT
BEGIN:VEVENT
SUMMARY:Dia de Portugal 
DTSTART;VALUE=DATE:20260610
DTEND;VALUE=DATE:20260611
DTSTAMP:20250430T134842Z
UID:2fc740bb8e3313aef7f06bf2cb43624d-2026-all
CATEGORIES:Holidays
CLASS:public
DESCRIPTION:National holiday -  O Dia de Portugal é um feriado nacional e
 m Portugal
LAST-MODIFIED:20250430T134842Z
TRANSP:TRANSPARENT
END:VEVENT
BEGIN:VEVENT
SUMMARY:Assunção de Maria 
DTSTART;VALUE=DATE:20260815
DTEND;VALUE=DATE:20260816
DTSTAMP:20250430T134842Z
UID:f5d836f15b83c6b5cc19cfbf1208b14d-2026-all
CATEGORIES:Holidays
CLASS:public
DESCRIPTION:National holiday -  A festa cristã da Assunção de Maria é 
 em ou por volta de 15 de agosto na maioria dos países. Alguns celebram o 
 Dia da Assunção em outras épocas do ano.
LAST-MODIFIED:20250430T134842Z
TRANSP:TRANSPARENT
END:VEVENT
BEGIN:VEVENT
SUMMARY:Dia da República 
DTSTART;VALUE=DATE:20261005
DTEND;VALUE=DATE:20261006
DTSTAMP:20250430T134842Z
UID:af03df9a33eeab8337e35c59b4b2f6b2-2026-all
CATEGORIES:Holidays
CLASS:public
DESCRIPTION:National holiday -  Dia da República é um feriado nacional e
 m Portugal
LAST-MODIFIED:20250430T134842Z
TRANSP:TRANSPARENT
END:VEVENT
BEGIN:VEVENT
SUMMARY:Dia de Todos os Santos 
DTSTART;VALUE=DATE:20261101
DTEND;VALUE=DATE:20261102
DTSTAMP:20250430T134842Z
UID:a883319bdca503089b7088d5be579a11-2026-all
CATEGORIES:Holidays
CLASS:public
DESCRIPTION:National holiday -  Muitas igrejas honram todos os seus santos
  no Dia de Todos os Santos\, também conhecido como Dia de Todos os Santos
 .
LAST-MODIFIED:20250430T134842Z
TRANSP:TRANSPARENT
END:VEVENT
BEGIN:VEVENT
SUMMARY:Restauração da Independência 
DTSTART;VALUE=DATE:20261201
DTEND;VALUE=DATE:20261202
DTSTAMP:20250430T134842Z
UID:37bdcb96b0d013cce8e81d4722c8a144-2026-all
CATEGORIES:Holidays
CLASS:public
DESCRIPTION:National holiday -  Restauração da Independência é um feri
 ado nacional em Portugal
LAST-MODIFIED:20250430T134842Z
TRANSP:TRANSPARENT
END:VEVENT
BEGIN:VEVENT
SUMMARY:Festa da Imaculada Conceição 
DTSTART;VALUE=DATE:20261208
DTEND;VALUE=DATE:20261209
DTSTAMP:20250430T134842Z
UID:126bdf8a631d9f8446aeb5fb8c390560-2026-all
CATEGORIES:Holidays
CLASS:public
DESCRIPTION:National holiday -  A Festa da Imaculada Conceição é uma ob
 servância cristã em 8 de dezembro de cada ano.
LAST-MODIFIED:20250430T134842Z
TRANSP:TRANSPARENT
END:VEVENT
BEGIN:VEVENT
SUMMARY:Dia de Natal 
DTSTART;VALUE=DATE:20261225
DTEND;VALUE=DATE:20261226
DTSTAMP:20250430T134842Z
UID:30855cbabd7ac2fb660581b74db7449f-2026-all
CATEGORIES:Holidays
CLASS:public
DESCRIPTION:National holiday -  O Dia de Natal é uma das maiores celebra
 ções cristãs e cai em 25 de dezembro no calendário gregoriano.
LAST-MODIFIED:20250430T134842Z
TRANSP:TRANSPARENT
END:VEVENT
BEGIN:VEVENT
SUMMARY:Carnaval/Terça-feira Gorda/Dia da Panqueca 
DTSTART;VALUE=DATE:20260217
DTEND;VALUE=DATE:20260218
DTSTAMP:20250430T134842Z
UID:f1ade8b1a0841ae718ede7b8655b01d7-2026-all
CATEGORIES:Holidays
CLASS:public
DESCRIPTION:Optional Holiday -  A terça-feira gorda é um feriado religio
 so antes do período de jejum da Quaresma. É comemorado comendo panquecas
  e realizando desfiles de carnaval.
LAST-MODIFIED:20250430T134842Z
TRANSP:TRANSPARENT
END:VEVENT
BEGIN:VEVENT
SUMMARY:Dia de São José  (Santarém)
DTSTART;VALUE=DATE:20260319
DTEND;VALUE=DATE:20260320
DTSTAMP:20250430T134842Z
UID:2d41beb35927478bbb57d544c2d47ea8-2026-santarém
CATEGORIES:Holidays
CLASS:public
DESCRIPTION:District Holiday -  O Dia de São José é um feriado distrita
 l em Portugal
LAST-MODIFIED:20250430T134842Z
TRANSP:TRANSPARENT
END:VEVENT
BEGIN:VEVENT
SUMMARY:Dia de Santa Joana  (Aveiro)
DTSTART;VALUE=DATE:20260512
DTEND;VALUE=DATE:20260513
DTSTAMP:20250430T134842Z
UID:36b148e6fe5541f48a6c28850634d8a6-2026-aveiro
CATEGORIES:Holidays
CLASS:public
DESCRIPTION:District Holiday -  Dia de Santa Joana é um feriado distrital
  em Portugal
LAST-MODIFIED:20250430T134842Z
TRANSP:TRANSPARENT
END:VEVENT
BEGIN:VEVENT
SUMMARY:Dia da Ascensão  (Beja)
DTSTART;VALUE=DATE:20260514
DTEND;VALUE=DATE:20260515
DTSTAMP:20250430T134842Z
UID:94e385c05e4ab256ce7c8fbe58781596-2026-beja
CATEGORIES:Holidays
CLASS:public
DESCRIPTION:District Holiday -  O Dia da Ascensão é o 40º dia da Pásco
 a. É um feriado religioso que comemora a ascensão de Jesus Cristo ao cé
 u.
LAST-MODIFIED:20250430T134842Z
TRANSP:TRANSPARENT
END:VEVENT
BEGIN:VEVENT
SUMMARY:Dia de Leiria  (Leiria)
DTSTART;VALUE=DATE:20260522
DTEND;VALUE=DATE:20260523
DTSTAMP:20250430T134842Z
UID:12a9ccae62653dabd2fdfc26760b573f-2026-leiria
CATEGORIES:Holidays
CLASS:public
DESCRIPTION:District Holiday -  O Dia de Leiria é um feriado distrital em
  Portugal
LAST-MODIFIED:20250430T134842Z
TRANSP:TRANSPARENT
END:VEVENT
BEGIN:VEVENT
SUMMARY:Dia de Portalegre  (Portalegre)
DTSTART;VALUE=DATE:20260523
DTEND;VALUE=DATE:20260524
DTSTAMP:20250430T134842Z
UID:742ffa38e2d044b923fafa89273c74f8-2026-portalegre
CATEGORIES:Holidays
CLASS:public
DESCRIPTION:District Holiday -  O Dia de Portalegre é um feriado distrita
 l em Portugal
LAST-MODIFIED:20250430T134842Z
TRANSP:TRANSPARENT
END:VEVENT
BEGIN:VEVENT
SUMMARY:Dia dos Açores  (Azores)
DTSTART;VALUE=DATE:20260525
DTEND;VALUE=DATE:20260526
DTSTAMP:20250430T134842Z
UID:e473c7176f2ffb1d40d92e698e255f14-2026-azores
CATEGORIES:Holidays
CLASS:public
DESCRIPTION:Regional Holiday -  O Dia dos Açores é um feriado regional e
 m Portugal
LAST-MODIFIED:20250430T134842Z
TRANSP:TRANSPARENT
END:VEVENT
BEGIN:VEVENT
SUMMARY:Dia de Santo António  (Lisbon\, Vila Real)
DTSTART;VALUE=DATE:20260613
DTEND;VALUE=DATE:20260614
DTSTAMP:20250430T134842Z
UID:9b04138258abbda9754c591e8a76a1f9-2026-lisbon-vila real
CATEGORIES:Holidays
CLASS:public
DESCRIPTION:District Holiday -  O Dia de Santo António é um feriado dist
 rital em Portugal
LAST-MODIFIED:20250430T134842Z
TRANSP:TRANSPARENT
END:VEVENT
BEGIN:VEVENT
SUMMARY:Dia de São João  (Porto\, Braga)
DTSTART;VALUE=DATE:20260624
DTEND;VALUE=DATE:20260625
DTSTAMP:20250430T134842Z
UID:1cb53d4e522e8fd1f1898800773de7e5-2026-porto-braga
CATEGORIES:Holidays
CLASS:public
DESCRIPTION:District Holiday -  O Dia de São João é um feriado distrita
 l em Portugal
LAST-MODIFIED:20250430T134842Z
TRANSP:TRANSPARENT
END:VEVENT
BEGIN:VEVENT
SUMMARY:Dia de São Pedro  (Évora)
DTSTART;VALUE=DATE:20260629
DTEND;VALUE=DATE:20260630
DTSTAMP:20250430T134842Z
UID:b3eab0a6dadff6a2b3299968c9ef956a-2026-évora
CATEGORIES:Holidays
CLASS:public
DESCRIPTION:District Holiday -  O Dia de São Pedro é um feriado distrita
 l em Portugal
LAST-MODIFIED:20250430T134842Z
TRANSP:TRANSPARENT
END:VEVENT
BEGIN:VEVENT
SUMMARY:Dia da Madeira  (Madeira)
DTSTART;VALUE=DATE:20260701
DTEND;VALUE=DATE:20260702
DTSTAMP:20250430T134842Z
UID:caa73c557779a9ae132769152df37c7e-2026-madeira
CATEGORIES:Holidays
CLASS:public
DESCRIPTION:Regional Holiday -  O Dia da Madeira é um feriado regional em
  Portugal
LAST-MODIFIED:20250430T134842Z
TRANSP:TRANSPARENT
END:VEVENT
BEGIN:VEVENT
SUMMARY:Dia de Santa Isabel  (Coimbra)
DTSTART;VALUE=DATE:20260704
DTEND;VALUE=DATE:20260705
DTSTAMP:20250430T134842Z
UID:ac2a588f71a573ab0957bbbfaea5a1a2-2026-coimbra
CATEGORIES:Holidays
CLASS:public
DESCRIPTION:District Holiday -  O Dia de Santa Isabel é um feriado distri
 tal em Portugal
LAST-MODIFIED:20250430T134842Z
TRANSP:TRANSPARENT
END:VEVENT
BEGIN:VEVENT
SUMMARY:Nossa Senhora das Dores  (Viana do Castelo)
DTSTART;VALUE=DATE:20260820
DTEND;VALUE=DATE:20260821
DTSTAMP:20250430T134842Z
UID:763ba9b5f0319c2de045c235b0fd3fca-2026-viana do castelo
CATEGORIES:Holidays
CLASS:public
DESCRIPTION:District Holiday -  Nossa Senhora das Dores é um feriado dist
 rital em Portugal
LAST-MODIFIED:20250430T134842Z
TRANSP:TRANSPARENT
END:VEVENT
BEGIN:VEVENT
SUMMARY:Nossa Senhora das Graças  (Bragança)
DTSTART;VALUE=DATE:20260822
DTEND;VALUE=DATE:20260823
DTSTAMP:20250430T134842Z
UID:b4e2c79fb3e84ede40ba92bff2b9eda9-2026-bragança
CATEGORIES:Holidays
CLASS:public
DESCRIPTION:District Holiday -  Nossa Senhora das Graças é um feriado di
 strital em Portugal
LAST-MODIFIED:20250430T134842Z
TRANSP:TRANSPARENT
END:VEVENT
BEGIN:VEVENT
SUMMARY:Dia de Faro  (Faro)
DTSTART;VALUE=DATE:20260907
DTEND;VALUE=DATE:20260908
DTSTAMP:20250430T134842Z
UID:2e29a6b8cee5a6fde7ddf534ac627dbe-2026-faro
CATEGORIES:Holidays
CLASS:public
DESCRIPTION:District Holiday -  Dia de Faro é um feriado distrital em Por
 tugal
LAST-MODIFIED:20250430T134842Z
TRANSP:TRANSPARENT
END:VEVENT
BEGIN:VEVENT
SUMMARY:Nascimento de Bocage  (Setúbal)
DTSTART;VALUE=DATE:20260915
DTEND;VALUE=DATE:20260916
DTSTAMP:20250430T134842Z
UID:9293dcdb84f1918da9e5d3710ae3f82b-2026-setúbal
CATEGORIES:Holidays
CLASS:public
DESCRIPTION:District Holiday -  Nascimento de Bocage é um feriado distrit
 al em Portugal
LAST-MODIFIED:20250430T134842Z
TRANSP:TRANSPARENT
END:VEVENT
BEGIN:VEVENT
SUMMARY:Dia de São Mateus  (Viseu)
DTSTART;VALUE=DATE:20260921
DTEND;VALUE=DATE:20260922
DTSTAMP:20250430T134842Z
UID:1c754da44ff49bccbf29c5db941daaae-2026-viseu
CATEGORIES:Holidays
CLASS:public
DESCRIPTION:District Holiday -  O Dia de São Mateus é um feriado distrit
 al em Portugal
LAST-MODIFIED:20250430T134842Z
TRANSP:TRANSPARENT
END:VEVENT
BEGIN:VEVENT
SUMMARY:Foral de Sancho I  (Guarda)
DTSTART;VALUE=DATE:20261127
DTEND;VALUE=DATE:20261128
DTSTAMP:20250430T134842Z
UID:777d9e92cdf522d4d83e8b70aa1c7521-2026-guarda
CATEGORIES:Holidays
CLASS:public
DESCRIPTION:District Holiday -  Foral de Sancho I é um feriado distrital 
 em Portugal
LAST-MODIFIED:20250430T134842Z
TRANSP:TRANSPARENT
END:VEVENT
BEGIN:VEVENT
SUMMARY:Dia de Ano Novo 
DTSTART;VALUE=DATE:20270101
DTEND;VALUE=DATE:20270102
DTSTAMP:20250430T134843Z
UID:097724db883784850b1d858e59fdfbbe-2027-all
CATEGORIES:Holidays
CLASS:public
DESCRIPTION:National holiday -  Dia de Ano Novo é o primeiro dia do ano\,
  ou 1º de janeiro\, no calendário gregoriano.
LAST-MODIFIED:20250430T134843Z
TRANSP:TRANSPARENT
END:VEVENT
BEGIN:VEVENT
SUMMARY:Sexta-feira Santa 
DTSTART;VALUE=DATE:20270326
DTEND;VALUE=DATE:20270327
DTSTAMP:20250430T134843Z
UID:01a8266701860247cf6e8517254952d7-2027-all
CATEGORIES:Holidays
CLASS:public
DESCRIPTION:National holiday -  Sexta-feira Santa é uma observância cris
 tã global dois dias antes do Domingo de Páscoa.
LAST-MODIFIED:20250430T134843Z
TRANSP:TRANSPARENT
END:VEVENT
BEGIN:VEVENT
SUMMARY:Domingo de Páscoa 
DTSTART;VALUE=DATE:20270328
DTEND;VALUE=DATE:20270329
DTSTAMP:20250430T134843Z
UID:3c1d6d79742ed9fe8bedf11110c6a5de-2027-all
CATEGORIES:Holidays
CLASS:public
DESCRIPTION:National holiday -  O Domingo de Páscoa comemora a ressurrei
 ção de Jesus Cristo\, de acordo com a crença cristã.
LAST-MODIFIED:20250430T134843Z
TRANSP:TRANSPARENT
END:VEVENT
BEGIN:VEVENT
SUMMARY:Dia da Liberdade 
DTSTART;VALUE=DATE:20270425
DTEND;VALUE=DATE:20270426
DTSTAMP:20250430T134843Z
UID:319684dace8dfec7316432cad53775a1-2027-all
CATEGORIES:Holidays
CLASS:public
DESCRIPTION:National holiday -  O Dia da Liberdade é um feriado nacional 
 em Portugal
LAST-MODIFIED:20250430T134843Z
TRANSP:TRANSPARENT
END:VEVENT
BEGIN:VEVENT
SUMMARY:Dia do Trabalho/Dia de Maio 
DTSTART;VALUE=DATE:20270501
DTEND;VALUE=DATE:20270502
DTSTAMP:20250430T134843Z
UID:9ff40eb8b75d9ac6d58a28821a5345f0-2027-all
CATEGORIES:Holidays
CLASS:public
DESCRIPTION:National holiday -  Dia do Trabalho\, Dia Internacional dos Tr
 abalhadores e Dia de Maio\, é um dia de folga para trabalhadores em muito
 s países ao redor do mundo.
LAST-MODIFIED:20250430T134843Z
TRANSP:TRANSPARENT
END:VEVENT
BEGIN:VEVENT
SUMMARY:Corpus Christi 
DTSTART;VALUE=DATE:20270527
DTEND;VALUE=DATE:20270528
DTSTAMP:20250430T134843Z
UID:efd7eabca12212e275877f12cd29299f-2027-all
CATEGORIES:Holidays
CLASS:public
DESCRIPTION:National holiday -  Corpus Christi é uma festa cristã em hom
 enagem à Sagrada Eucaristia.
LAST-MODIFIED:20250430T134843Z
TRANSP:TRANSPARENT
END:VEVENT
BEGIN:VEVENT
SUMMARY:Dia de Portugal 
DTSTART;VALUE=DATE:20270610
DTEND;VALUE=DATE:20270611
DTSTAMP:20250430T134843Z
UID:2fc740bb8e3313aef7f06bf2cb43624d-2027-all
CATEGORIES:Holidays
CLASS:public
DESCRIPTION:National holiday -  O Dia de Portugal é um feriado nacional e
 m Portugal
LAST-MODIFIED:20250430T134843Z
TRANSP:TRANSPARENT
END:VEVENT
BEGIN:VEVENT
SUMMARY:Assunção de Maria 
DTSTART;VALUE=DATE:20270815
DTEND;VALUE=DATE:20270816
DTSTAMP:20250430T134843Z
UID:f5d836f15b83c6b5cc19cfbf1208b14d-2027-all
CATEGORIES:Holidays
CLASS:public
DESCRIPTION:National holiday -  A festa cristã da Assunção de Maria é 
 em ou por volta de 15 de agosto na maioria dos países. Alguns celebram o 
 Dia da Assunção em outras épocas do ano.
LAST-MODIFIED:20250430T134843Z
TRANSP:TRANSPARENT
END:VEVENT
BEGIN:VEVENT
SUMMARY:Dia da República 
DTSTART;VALUE=DATE:20271005
DTEND;VALUE=DATE:20271006
DTSTAMP:20250430T134843Z
UID:af03df9a33eeab8337e35c59b4b2f6b2-2027-all
CATEGORIES:Holidays
CLASS:public
DESCRIPTION:National holiday -  Dia da República é um feriado nacional e
 m Portugal
LAST-MODIFIED:20250430T134843Z
TRANSP:TRANSPARENT
END:VEVENT
BEGIN:VEVENT
SUMMARY:Dia de Todos os Santos 
DTSTART;VALUE=DATE:20271101
DTEND;VALUE=DATE:20271102
DTSTAMP:20250430T134843Z
UID:a883319bdca503089b7088d5be579a11-2027-all
CATEGORIES:Holidays
CLASS:public
DESCRIPTION:National holiday -  Muitas igrejas honram todos os seus santos
  no Dia de Todos os Santos\, também conhecido como Dia de Todos os Santos
 .
LAST-MODIFIED:20250430T134843Z
TRANSP:TRANSPARENT
END:VEVENT
BEGIN:VEVENT
SUMMARY:Restauração da Independência 
DTSTART;VALUE=DATE:20271201
DTEND;VALUE=DATE:20271202
DTSTAMP:20250430T134843Z
UID:37bdcb96b0d013cce8e81d4722c8a144-2027-all
CATEGORIES:Holidays
CLASS:public
DESCRIPTION:National holiday -  Restauração da Independência é um feri
 ado nacional em Portugal
LAST-MODIFIED:20250430T134843Z
TRANSP:TRANSPARENT
END:VEVENT
BEGIN:VEVENT
SUMMARY:Festa da Imaculada Conceição 
DTSTART;VALUE=DATE:20271208
DTEND;VALUE=DATE:20271209
DTSTAMP:20250430T134843Z
UID:126bdf8a631d9f8446aeb5fb8c390560-2027-all
CATEGORIES:Holidays
CLASS:public
DESCRIPTION:National holiday -  A Festa da Imaculada Conceição é uma ob
 servância cristã em 8 de dezembro de cada ano.
LAST-MODIFIED:20250430T134843Z
TRANSP:TRANSPARENT
END:VEVENT
BEGIN:VEVENT
SUMMARY:Dia de Natal 
DTSTART;VALUE=DATE:20271225
DTEND;VALUE=DATE:20271226
DTSTAMP:20250430T134843Z
UID:30855cbabd7ac2fb660581b74db7449f-2027-all
CATEGORIES:Holidays
CLASS:public
DESCRIPTION:National holiday -  O Dia de Natal é uma das maiores celebra
 ções cristãs e cai em 25 de dezembro no calendário gregoriano.
LAST-MODIFIED:20250430T134843Z
TRANSP:TRANSPARENT
END:VEVENT
BEGIN:VEVENT
SUMMARY:Carnaval/Terça-feira Gorda/Dia da Panqueca 
DTSTART;VALUE=DATE:20270209
DTEND;VALUE=DATE:20270210
DTSTAMP:20250430T134843Z
UID:f1ade8b1a0841ae718ede7b8655b01d7-2027-all
CATEGORIES:Holidays
CLASS:public
DESCRIPTION:Optional Holiday -  A terça-feira gorda é um feriado religio
 so antes do período de jejum da Quaresma. É comemorado comendo panquecas
  e realizando desfiles de carnaval.
LAST-MODIFIED:20250430T134843Z
TRANSP:TRANSPARENT
END:VEVENT
BEGIN:VEVENT
SUMMARY:Dia de São José  (Santarém)
DTSTART;VALUE=DATE:20270319
DTEND;VALUE=DATE:20270320
DTSTAMP:20250430T134843Z
UID:2d41beb35927478bbb57d544c2d47ea8-2027-santarém
CATEGORIES:Holidays
CLASS:public
DESCRIPTION:District Holiday -  O Dia de São José é um feriado distrita
 l em Portugal
LAST-MODIFIED:20250430T134843Z
TRANSP:TRANSPARENT
END:VEVENT
BEGIN:VEVENT
SUMMARY:Dia da Ascensão  (Beja)
DTSTART;VALUE=DATE:20270506
DTEND;VALUE=DATE:20270507
DTSTAMP:20250430T134843Z
UID:94e385c05e4ab256ce7c8fbe58781596-2027-beja
CATEGORIES:Holidays
CLASS:public
DESCRIPTION:District Holiday -  O Dia da Ascensão é o 40º dia da Pásco
 a. É um feriado religioso que comemora a ascensão de Jesus Cristo ao cé
 u.
LAST-MODIFIED:20250430T134843Z
TRANSP:TRANSPARENT
END:VEVENT
BEGIN:VEVENT
SUMMARY:Dia de Santa Joana  (Aveiro)
DTSTART;VALUE=DATE:20270512
DTEND;VALUE=DATE:20270513
DTSTAMP:20250430T134843Z
UID:36b148e6fe5541f48a6c28850634d8a6-2027-aveiro
CATEGORIES:Holidays
CLASS:public
DESCRIPTION:District Holiday -  Dia de Santa Joana é um feriado distrital
  em Portugal
LAST-MODIFIED:20250430T134843Z
TRANSP:TRANSPARENT
END:VEVENT
BEGIN:VEVENT
SUMMARY:Dia dos Açores  (Azores)
DTSTART;VALUE=DATE:20270517
DTEND;VALUE=DATE:20270518
DTSTAMP:20250430T134843Z
UID:e473c7176f2ffb1d40d92e698e255f14-2027-azores
CATEGORIES:Holidays
CLASS:public
DESCRIPTION:Regional Holiday -  O Dia dos Açores é um feriado regional e
 m Portugal
LAST-MODIFIED:20250430T134843Z
TRANSP:TRANSPARENT
END:VEVENT
BEGIN:VEVENT
SUMMARY:Dia de Leiria  (Leiria)
DTSTART;VALUE=DATE:20270522
DTEND;VALUE=DATE:20270523
DTSTAMP:20250430T134843Z
UID:12a9ccae62653dabd2fdfc26760b573f-2027-leiria
CATEGORIES:Holidays
CLASS:public
DESCRIPTION:District Holiday -  O Dia de Leiria é um feriado distrital em
  Portugal
LAST-MODIFIED:20250430T134843Z
TRANSP:TRANSPARENT
END:VEVENT
BEGIN:VEVENT
SUMMARY:Dia de Portalegre  (Portalegre)
DTSTART;VALUE=DATE:20270523
DTEND;VALUE=DATE:20270524
DTSTAMP:20250430T134843Z
UID:742ffa38e2d044b923fafa89273c74f8-2027-portalegre
CATEGORIES:Holidays
CLASS:public
DESCRIPTION:District Holiday -  O Dia de Portalegre é um feriado distrita
 l em Portugal
LAST-MODIFIED:20250430T134843Z
TRANSP:TRANSPARENT
END:VEVENT
BEGIN:VEVENT
SUMMARY:Dia de Santo António  (Lisbon\, Vila Real)
DTSTART;VALUE=DATE:20270613
DTEND;VALUE=DATE:20270614
DTSTAMP:20250430T134843Z
UID:9b04138258abbda9754c591e8a76a1f9-2027-lisbon-vila real
CATEGORIES:Holidays
CLASS:public
DESCRIPTION:District Holiday -  O Dia de Santo António é um feriado dist
 rital em Portugal
LAST-MODIFIED:20250430T134843Z
TRANSP:TRANSPARENT
END:VEVENT
BEGIN:VEVENT
SUMMARY:Dia de São João  (Porto\, Braga)
DTSTART;VALUE=DATE:20270624
DTEND;VALUE=DATE:20270625
DTSTAMP:20250430T134843Z
UID:1cb53d4e522e8fd1f1898800773de7e5-2027-porto-braga
CATEGORIES:Holidays
CLASS:public
DESCRIPTION:District Holiday -  O Dia de São João é um feriado distrita
 l em Portugal
LAST-MODIFIED:20250430T134843Z
TRANSP:TRANSPARENT
END:VEVENT
BEGIN:VEVENT
SUMMARY:Dia de São Pedro  (Évora)
DTSTART;VALUE=DATE:20270629
DTEND;VALUE=DATE:20270630
DTSTAMP:20250430T134843Z
UID:b3eab0a6dadff6a2b3299968c9ef956a-2027-évora
CATEGORIES:Holidays
CLASS:public
DESCRIPTION:District Holiday -  O Dia de São Pedro é um feriado distrita
 l em Portugal
LAST-MODIFIED:20250430T134843Z
TRANSP:TRANSPARENT
END:VEVENT
BEGIN:VEVENT
SUMMARY:Dia da Madeira  (Madeira)
DTSTART;VALUE=DATE:20270701
DTEND;VALUE=DATE:20270702
DTSTAMP:20250430T134843Z
UID:caa73c557779a9ae132769152df37c7e-2027-madeira
CATEGORIES:Holidays
CLASS:public
DESCRIPTION:Regional Holiday -  O Dia da Madeira é um feriado regional em
  Portugal
LAST-MODIFIED:20250430T134843Z
TRANSP:TRANSPARENT
END:VEVENT
BEGIN:VEVENT
SUMMARY:Dia de Santa Isabel  (Coimbra)
DTSTART;VALUE=DATE:20270704
DTEND;VALUE=DATE:20270705
DTSTAMP:20250430T134843Z
UID:ac2a588f71a573ab0957bbbfaea5a1a2-2027-coimbra
CATEGORIES:Holidays
CLASS:public
DESCRIPTION:District Holiday -  O Dia de Santa Isabel é um feriado distri
 tal em Portugal
LAST-MODIFIED:20250430T134843Z
TRANSP:TRANSPARENT
END:VEVENT
BEGIN:VEVENT
SUMMARY:Nossa Senhora das Dores  (Viana do Castelo)
DTSTART;VALUE=DATE:20270820
DTEND;VALUE=DATE:20270821
DTSTAMP:20250430T134843Z
UID:763ba9b5f0319c2de045c235b0fd3fca-2027-viana do castelo
CATEGORIES:Holidays
CLASS:public
DESCRIPTION:District Holiday -  Nossa Senhora das Dores é um feriado dist
 rital em Portugal
LAST-MODIFIED:20250430T134843Z
TRANSP:TRANSPARENT
END:VEVENT
BEGIN:VEVENT
SUMMARY:Nossa Senhora das Graças  (Bragança)
DTSTART;VALUE=DATE:20270822
DTEND;VALUE=DATE:20270823
DTSTAMP:20250430T134843Z
UID:b4e2c79fb3e84ede40ba92bff2b9eda9-2027-bragança
CATEGORIES:Holidays
CLASS:public
DESCRIPTION:District Holiday -  Nossa Senhora das Graças é um feriado di
 strital em Portugal
LAST-MODIFIED:20250430T134843Z
TRANSP:TRANSPARENT
END:VEVENT
BEGIN:VEVENT
SUMMARY:Dia de Faro  (Faro)
DTSTART;VALUE=DATE:20270907
DTEND;VALUE=DATE:20270908
DTSTAMP:20250430T134843Z
UID:2e29a6b8cee5a6fde7ddf534ac627dbe-2027-faro
CATEGORIES:Holidays
CLASS:public
DESCRIPTION:District Holiday -  Dia de Faro é um feriado distrital em Por
 tugal
LAST-MODIFIED:20250430T134843Z
TRANSP:TRANSPARENT
END:VEVENT
BEGIN:VEVENT
SUMMARY:Nascimento de Bocage  (Setúbal)
DTSTART;VALUE=DATE:20270915
DTEND;VALUE=DATE:20270916
DTSTAMP:20250430T134843Z
UID:9293dcdb84f1918da9e5d3710ae3f82b-2027-setúbal
CATEGORIES:Holidays
CLASS:public
DESCRIPTION:District Holiday -  Nascimento de Bocage é um feriado distrit
 al em Portugal
LAST-MODIFIED:20250430T134843Z
TRANSP:TRANSPARENT
END:VEVENT
BEGIN:VEVENT
SUMMARY:Dia de São Mateus  (Viseu)
DTSTART;VALUE=DATE:20270921
DTEND;VALUE=DATE:20270922
DTSTAMP:20250430T134843Z
UID:1c754da44ff49bccbf29c5db941daaae-2027-viseu
CATEGORIES:Holidays
CLASS:public
DESCRIPTION:District Holiday -  O Dia de São Mateus é um feriado distrit
 al em Portugal
LAST-MODIFIED:20250430T134843Z
TRANSP:TRANSPARENT
END:VEVENT
BEGIN:VEVENT
SUMMARY:Foral de Sancho I  (Guarda)
DTSTART;VALUE=DATE:20271127
DTEND;VALUE=DATE:20271128
DTSTAMP:20250430T134843Z
UID:777d9e92cdf522d4d83e8b70aa1c7521-2027-guarda
CATEGORIES:Holidays
CLASS:public
DESCRIPTION:District Holiday -  Foral de Sancho I é um feriado distrital 
 em Portugal
LAST-MODIFIED:20250430T134843Z
TRANSP:TRANSPARENT
END:VEVENT
END:VCALENDAR
