BEGIN:VCALENDAR
VERSION:2.0
PRODID:-//Mozilla.org/NONSGML Mozilla Calendar V1.1//EN
BEGIN:VEVENT
SUMMARY:Día de Año Nuevo 
DTSTART;VALUE=DATE:20240101
DTEND;VALUE=DATE:20240102
DTSTAMP:20241008T090739Z
UID:c3839fac9c0f22d7fc1df07653572f14-2024
CATEGORIES:Holidays
CLASS:public
DESCRIPTION:National holiday -  El día de Año Nuevo es el primer día de
 l año\, o 1 de enero\, en el calendario gregoriano.
LAST-MODIFIED:20241008T090739Z
TRANSP:transparent
END:VEVENT
BEGIN:VEVENT
SUMMARY:Epifanía 
DTSTART;VALUE=DATE:20240106
DTEND;VALUE=DATE:20240107
DTSTAMP:20241008T090739Z
UID:afcf53ee9fe5600ba17ffab2ee5983fe-2024
CATEGORIES:Holidays
CLASS:public
DESCRIPTION:National holiday -  La Epifanía es un día festivo y el día 
 en que se intercambian la mayoría de los regalos de Navidad en España.
LAST-MODIFIED:20241008T090739Z
TRANSP:transparent
END:VEVENT
BEGIN:VEVENT
SUMMARY:Viernes Santo 
DTSTART;VALUE=DATE:20240329
DTEND;VALUE=DATE:20240330
DTSTAMP:20241008T090739Z
UID:427532572f740fe4132f6795cb94c012-2024
CATEGORIES:Holidays
CLASS:public
DESCRIPTION:National holiday -  El Viernes Santo es una celebración crist
 iana mundial dos días antes del Domingo de Pascua.
LAST-MODIFIED:20241008T090739Z
TRANSP:transparent
END:VEVENT
BEGIN:VEVENT
SUMMARY:Día del Trabajo/Primero de Mayo 
DTSTART;VALUE=DATE:20240501
DTEND;VALUE=DATE:20240502
DTSTAMP:20241008T090739Z
UID:5d3280d2d2103ca43dff34c99c2f19cd-2024
CATEGORIES:Holidays
CLASS:public
DESCRIPTION:National holiday -  El Día del Trabajo\, el Día Internaciona
 l de los Trabajadores y el Primero de Mayo son un día libre para los trab
 ajadores de muchos países del mundo.
LAST-MODIFIED:20241008T090739Z
TRANSP:transparent
END:VEVENT
BEGIN:VEVENT
SUMMARY:Asunción de María 
DTSTART;VALUE=DATE:20240815
DTEND;VALUE=DATE:20240816
DTSTAMP:20241008T090739Z
UID:3c4a114429478b29a48801eae9e0ad96-2024
CATEGORIES:Holidays
CLASS:public
DESCRIPTION:National holiday -  La fiesta cristiana de la Asunción de Mar
 ía es el 15 de agosto o alrededor de esa fecha en la mayoría de los paí
 ses. Algunos celebran el Día de la Asunción en otras épocas del año.
LAST-MODIFIED:20241008T090739Z
TRANSP:transparent
END:VEVENT
BEGIN:VEVENT
SUMMARY:Día de la Hispanidad 
DTSTART;VALUE=DATE:20241012
DTEND;VALUE=DATE:20241013
DTSTAMP:20241008T090739Z
UID:7cb389528db789a9bb45fcf3912e1204-2024
CATEGORIES:Holidays
CLASS:public
DESCRIPTION:National holiday -  El Día de la Hispanidad marca el aniversa
 rio de la fecha en que Cristóbal Colón puso un pie por primera vez en la
 s Américas. El 12 de octubre es un día festivo en España.
LAST-MODIFIED:20241008T090739Z
TRANSP:transparent
END:VEVENT
BEGIN:VEVENT
SUMMARY:Día de Todos los Santos 
DTSTART;VALUE=DATE:20241101
DTEND;VALUE=DATE:20241102
DTSTAMP:20241008T090739Z
UID:313a1eb3dce48dd6e9bd4953566e471b-2024
CATEGORIES:Holidays
CLASS:public
DESCRIPTION:National holiday -  Muchas iglesias honran a todos sus santos 
 el Día de Todos los Santos\, también conocido como Día de Todos los San
 tos.
LAST-MODIFIED:20241008T090739Z
TRANSP:transparent
END:VEVENT
BEGIN:VEVENT
SUMMARY:Día de la Constitución 
DTSTART;VALUE=DATE:20241206
DTEND;VALUE=DATE:20241207
DTSTAMP:20241008T090739Z
UID:e2cd31393d7df0c6d213c6ee7e2b119e-2024
CATEGORIES:Holidays
CLASS:public
DESCRIPTION:National holiday -  El Día de la Constitución marca el anive
 rsario del referéndum para aprobar la Constitución española y es un dí
 a festivo en España.
LAST-MODIFIED:20241008T090739Z
TRANSP:transparent
END:VEVENT
BEGIN:VEVENT
SUMMARY:Día de Navidad 
DTSTART;VALUE=DATE:20241225
DTEND;VALUE=DATE:20241226
DTSTAMP:20241008T090739Z
UID:35207a676a09713afd02f164d3040c9e-2024
CATEGORIES:Holidays
CLASS:public
DESCRIPTION:National holiday -  El día de Navidad es una de las mayores c
 elebraciones cristianas y cae el 25 de diciembre en el calendario gregoria
 no.
LAST-MODIFIED:20241008T090739Z
TRANSP:transparent
END:VEVENT
BEGIN:VEVENT
SUMMARY:Martes de carnaval  (Extremadura)
DTSTART;VALUE=DATE:20240213
DTEND;VALUE=DATE:20240214
DTSTAMP:20241008T090739Z
UID:91fa312afecf3177fbe0cc435b1eb95d-2024
CATEGORIES:Holidays
CLASS:public
DESCRIPTION:Autonomous Community Holiday -  El martes de carnaval es una f
 iesta religiosa antes del período de ayuno de la Cuaresma. Se celebra com
 iendo tortitas y realizando desfiles de carnaval.
LAST-MODIFIED:20241008T090739Z
TRANSP:transparent
END:VEVENT
BEGIN:VEVENT
SUMMARY:Día de Andalucía  (Andalusia)
DTSTART;VALUE=DATE:20240228
DTEND;VALUE=DATE:20240229
DTSTAMP:20241008T090739Z
UID:ff1f6ba4dc6f527f9f2431ef68f4d746-2024
CATEGORIES:Holidays
CLASS:public
DESCRIPTION:Autonomous Community Holiday -  El Día de Andalucía\, tambi
 én conocido como Día de Andalucía\, es un día festivo anual en la comu
 nidad autónoma de Andalucía en España el 28 de febrero.
LAST-MODIFIED:20241008T090739Z
TRANSP:transparent
END:VEVENT
BEGIN:VEVENT
SUMMARY:Día de las Islas Baleares  (Balearic Islands)
DTSTART;VALUE=DATE:20240301
DTEND;VALUE=DATE:20240302
DTSTAMP:20241008T090739Z
UID:7c5f7650fe19ae2839361e58d2172892-2024
CATEGORIES:Holidays
CLASS:public
DESCRIPTION:Autonomous Community Holiday -  El Día de las Islas Baleares 
 se celebra el 1 de marzo para recordar la fecha en que entró en vigor el 
 Estatuto de Autonomía de las Islas Baleares. Es un día festivo local en 
 esta zona de España.
LAST-MODIFIED:20241008T090739Z
TRANSP:transparent
END:VEVENT
BEGIN:VEVENT
SUMMARY:San José  (MU\, VC)
DTSTART;VALUE=DATE:20240319
DTEND;VALUE=DATE:20240320
DTSTAMP:20241008T090739Z
UID:143c41e1f48987a06c9ee4c839fb4db7-2024
CATEGORIES:Holidays
CLASS:public
DESCRIPTION:Autonomous Community Holiday -  El Día de San José honra a S
 an José\, el cónyuge de la Virgen María. Es un día festivo en algunas 
 partes de España el 19 de marzo de cada año.
LAST-MODIFIED:20241008T090739Z
TRANSP:transparent
END:VEVENT
BEGIN:VEVENT
SUMMARY:Jueves Santo  (All except CT\, VC)
DTSTART;VALUE=DATE:20240328
DTEND;VALUE=DATE:20240329
DTSTAMP:20241008T090739Z
UID:0d0e8540fc4a7974b3eb956771268418-2024
CATEGORIES:Holidays
CLASS:public
DESCRIPTION:Autonomous Community Holiday -  El Jueves Santo es una celebra
 ción cristiana que se celebra el jueves de Semana Santa. Es el día anter
 ior al Viernes Santo.
LAST-MODIFIED:20241008T090739Z
TRANSP:transparent
END:VEVENT
BEGIN:VEVENT
SUMMARY:Lunes de Pascua  (IB\, PV\, CT\, LO\, NA\, VC\, S)
DTSTART;VALUE=DATE:20240401
DTEND;VALUE=DATE:20240402
DTSTAMP:20241008T090739Z
UID:9e286438c0d3d64f3acd76605c4f3449-2024
CATEGORIES:Holidays
CLASS:public
DESCRIPTION:Autonomous Community Holiday -  El lunes de Pascua es el día 
 después del domingo de Pascua.
LAST-MODIFIED:20241008T090739Z
TRANSP:transparent
END:VEVENT
BEGIN:VEVENT
SUMMARY:Día de Aragón  (Aragon)
DTSTART;VALUE=DATE:20240423
DTEND;VALUE=DATE:20240424
DTSTAMP:20241008T090739Z
UID:b7ea58b9e9345f76ea43444d0272d80e-2024
CATEGORIES:Holidays
CLASS:public
DESCRIPTION:Autonomous Community Holiday -  El Día de Aragón celebra la 
 cultura y la historia de la región española de Aragón. Es un día festi
 vo local anual el 23 de abril.
LAST-MODIFIED:20241008T090739Z
TRANSP:transparent
END:VEVENT
BEGIN:VEVENT
SUMMARY:Día de Castilla y León  (Castile-Leon)
DTSTART;VALUE=DATE:20240423
DTEND;VALUE=DATE:20240424
DTSTAMP:20241008T090739Z
UID:aefc1823793fc7705b9795369a4a446d-2024
CATEGORIES:Holidays
CLASS:public
DESCRIPTION:Autonomous Community Holiday -  El Día de Castilla y León se
  celebra en la comunidad autónoma española de Castilla y León el 23 de 
 abril de cada año.
LAST-MODIFIED:20241008T090739Z
TRANSP:transparent
END:VEVENT
BEGIN:VEVENT
SUMMARY:Día de Madrid  (Madrid)
DTSTART;VALUE=DATE:20240502
DTEND;VALUE=DATE:20240503
DTSTAMP:20241008T090739Z
UID:5b29edd541536226114f71ee04712138-2024
CATEGORIES:Holidays
CLASS:public
DESCRIPTION:Autonomous Community Holiday -  El Día de la Comunidad Autón
 oma de Madrid\, España\, marca el aniversario de un levantamiento contra 
 las tropas francesas en Madrid. Es un día festivo local anual que se cele
 bra el 2 de mayo.
LAST-MODIFIED:20241008T090739Z
TRANSP:transparent
END:VEVENT
BEGIN:VEVENT
SUMMARY:Día de la Literatura de Galicia  (Galicia)
DTSTART;VALUE=DATE:20240517
DTEND;VALUE=DATE:20240518
DTSTAMP:20241008T090739Z
UID:2d156616bb2086001fbaefacf46f29ca-2024
CATEGORIES:Holidays
CLASS:public
DESCRIPTION:Autonomous Community Holiday -  El Día de la Literatura de Ga
 licia es un día festivo de la comunidad autónoma en España
LAST-MODIFIED:20241008T090739Z
TRANSP:transparent
END:VEVENT
BEGIN:VEVENT
SUMMARY:Corpus Christi  (Castile-La Mancha)
DTSTART;VALUE=DATE:20240530
DTEND;VALUE=DATE:20240531
DTSTAMP:20241008T090739Z
UID:a2a419a9fd06b19a0d3e4df05ff2655c-2024
CATEGORIES:Holidays
CLASS:public
DESCRIPTION:Autonomous Community Holiday -  El Corpus Christi es una fiest
 a cristiana en honor a la Sagrada Eucaristía.
LAST-MODIFIED:20241008T090739Z
TRANSP:transparent
END:VEVENT
BEGIN:VEVENT
SUMMARY:Día de las Islas Canarias  (Canary Islands)
DTSTART;VALUE=DATE:20240530
DTEND;VALUE=DATE:20240531
DTSTAMP:20241008T090739Z
UID:4a40dab4e3afc60a801f52abde634f49-2024
CATEGORIES:Holidays
CLASS:public
DESCRIPTION:Autonomous Community Holiday -  El Día de las Islas Canarias 
 marca el aniversario de la primera sesión del Parlamento autónomo de las
  Islas Canarias. Es un día festivo local en las Islas Canarias el 30 de m
 ayo de cada año.
LAST-MODIFIED:20241008T090739Z
TRANSP:transparent
END:VEVENT
BEGIN:VEVENT
SUMMARY:Día de Castilla-La Mancha  (Castile-La Mancha)
DTSTART;VALUE=DATE:20240531
DTEND;VALUE=DATE:20240601
DTSTAMP:20241008T090739Z
UID:5f74d1f5eab8dfd914a7caf432f8ba24-2024
CATEGORIES:Holidays
CLASS:public
DESCRIPTION:Autonomous Community Holiday -  El Día de la Región de Casti
 lla-La Mancha marca el aniversario de la apertura de los primeros tribunal
 es regionales de Castilla-La Mancha. El 31 de mayo es un día festivo anua
 l en esta región española.
LAST-MODIFIED:20241008T090739Z
TRANSP:transparent
END:VEVENT
BEGIN:VEVENT
SUMMARY:Día de La Rioja  (La Rioja)
DTSTART;VALUE=DATE:20240609
DTEND;VALUE=DATE:20240610
DTSTAMP:20241008T090739Z
UID:9891ef20ace0835890957c3984a0c465-2024
CATEGORIES:Holidays
CLASS:public
DESCRIPTION:Autonomous Community Holiday -  El Día de La Rioja es un día
  festivo anual en la comunidad autónoma española de La Rioja el 9 de jun
 io.
LAST-MODIFIED:20241008T090739Z
TRANSP:transparent
END:VEVENT
BEGIN:VEVENT
SUMMARY:Día libre por el Día de La Rioja  (La Rioja)
DTSTART;VALUE=DATE:20240610
DTEND;VALUE=DATE:20240611
DTSTAMP:20241008T090739Z
UID:9891ef20ace0835890957c3984a0c465-2024
CATEGORIES:Holidays
CLASS:public
DESCRIPTION:Autonomous Community Holiday -  El Día de La Rioja es un día
  festivo anual en la comunidad autónoma española de La Rioja el 9 de jun
 io.
LAST-MODIFIED:20241008T090739Z
TRANSP:transparent
END:VEVENT
BEGIN:VEVENT
SUMMARY:Eid al-Adha  (CE\, ML)
DTSTART;VALUE=DATE:20240617
DTEND;VALUE=DATE:20240618
DTSTAMP:20241008T090739Z
UID:a3d17c825a15ab852b8c6c80c9f6c3c0-2024
CATEGORIES:Holidays
CLASS:public
DESCRIPTION:Autonomous Community Holiday -  Eid al-Adha (Id ul-Adha) es un
  festival islámico que se celebra el décimo día del mes de Dhul Hijja (
 Thou al-Hijja) para conmemorar la voluntad de Ibrahim (Abraham) de sacrifi
 car a su hijo.
LAST-MODIFIED:20241008T090739Z
TRANSP:transparent
END:VEVENT
BEGIN:VEVENT
SUMMARY:Día de San Juan Bautista  (CT\, VC)
DTSTART;VALUE=DATE:20240624
DTEND;VALUE=DATE:20240625
DTSTAMP:20241008T090739Z
UID:fea385748a38360815dc0986056afc9d-2024
CATEGORIES:Holidays
CLASS:public
DESCRIPTION:Autonomous Community Holiday -  El Día de San Juan Bautista s
 e celebra anualmente el 24 de junio para honrar la vida de San Juan\, uno 
 de los primeros santos cristianos. Es un día festivo en Cataluña\, Espa
 ña.
LAST-MODIFIED:20241008T090739Z
TRANSP:transparent
END:VEVENT
BEGIN:VEVENT
SUMMARY:Fiesta del Apóstol Santiago El Día de Santiago es una ocasión p
 ara honrar la vida y las obras de uno de los discípulos de Jesús. El 25 
 de julio es un día festivo en las comunidades autónomas del País Vasco 
 y Galicia en España. (PV\, GA\, NA\, S\, M)
DTSTART;VALUE=DATE:20240725
DTEND;VALUE=DATE:20240726
DTSTAMP:20241008T090739Z
UID:46e0cc83c2e1b2c15b4f37ad1cb4a6a3-2024
CATEGORIES:Holidays
CLASS:public
DESCRIPTION:Autonomous Community Holiday - Saint James' Day is an occasion
  to honor the life and deeds of one of Jesus' disciples. It is a public ho
 liday in the autonomous communities of the Basque Country and Galicia in S
 pain on July 25.
LAST-MODIFIED:20241008T090739Z
TRANSP:transparent
END:VEVENT
BEGIN:VEVENT
SUMMARY:El Día de Nuestra Señora de África  (Ceuta)
DTSTART;VALUE=DATE:20240805
DTEND;VALUE=DATE:20240806
DTSTAMP:20241008T090739Z
UID:8999f42d6c41c9274b8a69afdf76ba56-2024
CATEGORIES:Holidays
CLASS:public
DESCRIPTION:Autonomous Community Holiday -  El Día de Nuestra Señora de 
 África honra a la santa patrona de la ciudad de Ceuta. Es un día festivo
  en esta ciudad española el 5 de agosto.
LAST-MODIFIED:20241008T090739Z
TRANSP:transparent
END:VEVENT
BEGIN:VEVENT
SUMMARY:Día de Asturias  (Asturias)
DTSTART;VALUE=DATE:20240908
DTEND;VALUE=DATE:20240909
DTSTAMP:20241008T090739Z
UID:4cd482aa77fc918cd28209216ec17d0f-2024
CATEGORIES:Holidays
CLASS:public
DESCRIPTION:Autonomous Community Holiday -  El Día de Asturias conmemora 
 a la Virgen de Covadonga y la Batalla de Covadonga. Es un día festivo loc
 al anual en la comunidad autónoma de Asturias en España el 8 de septiemb
 re.
LAST-MODIFIED:20241008T090739Z
TRANSP:transparent
END:VEVENT
BEGIN:VEVENT
SUMMARY:Día libre por el Día de Asturias  (Asturias)
DTSTART;VALUE=DATE:20240909
DTEND;VALUE=DATE:20240910
DTSTAMP:20241008T090739Z
UID:4cd482aa77fc918cd28209216ec17d0f-2024
CATEGORIES:Holidays
CLASS:public
DESCRIPTION:Autonomous Community Holiday -  El Día de Asturias conmemora 
 a la Virgen de Covadonga y la Batalla de Covadonga. Es un día festivo loc
 al anual en la comunidad autónoma de Asturias\, en España\, el 8 de sept
 iembre.
LAST-MODIFIED:20241008T090739Z
TRANSP:transparent
END:VEVENT
BEGIN:VEVENT
SUMMARY:Día Nacional de Cataluña  (Catalonia)
DTSTART;VALUE=DATE:20240911
DTEND;VALUE=DATE:20240912
DTSTAMP:20241008T090739Z
UID:bc9b251b14e638a273cb274da8b8b114-2024
CATEGORIES:Holidays
CLASS:public
DESCRIPTION:Autonomous Community Holiday -  El Día de Cataluña conmemora
  el fin del sitio de Barcelona en 1714. Es un día festivo local en Barcel
 ona\, España\, el 11 de septiembre.
LAST-MODIFIED:20241008T090739Z
TRANSP:transparent
END:VEVENT
BEGIN:VEVENT
SUMMARY:Nuestra Señora de la Bien Aparecida  (Cantabria)
DTSTART;VALUE=DATE:20240915
DTEND;VALUE=DATE:20240916
DTSTAMP:20241008T090739Z
UID:c98fe2bdbd4c409c24e0f92519f2bbe5-2024
CATEGORIES:Holidays
CLASS:public
DESCRIPTION:Autonomous Community Holiday -  Nuestra Señora de la Bien Apa
 recida es un día festivo de la comunidad autónoma en España
LAST-MODIFIED:20241008T090739Z
TRANSP:transparent
END:VEVENT
BEGIN:VEVENT
SUMMARY:Día de Melilla  (Melilla)
DTSTART;VALUE=DATE:20240917
DTEND;VALUE=DATE:20240918
DTSTAMP:20241008T090739Z
UID:a02d5a5467766828c6389d9280adc77d-2024
CATEGORIES:Holidays
CLASS:public
DESCRIPTION:Autonomous Community Holiday -  El Día de Melilla marca el an
 iversario de la toma de la ciudad en 1497 y es un día festivo en Melilla\
 , España.
LAST-MODIFIED:20241008T090739Z
TRANSP:transparent
END:VEVENT
BEGIN:VEVENT
SUMMARY:Día de la Comunidad Valenciana  (Valencia)
DTSTART;VALUE=DATE:20241009
DTEND;VALUE=DATE:20241010
DTSTAMP:20241008T090739Z
UID:c481128813b61c586b41ee1c5a2ad444-2024
CATEGORIES:Holidays
CLASS:public
DESCRIPTION:Autonomous Community Holiday -  El Día de la Comunidad Valenc
 iana es un día festivo local en Valencia\, España\, que se celebra el 9 
 de octubre de cada año. Celebra la cultura y la historia valencianas.
LAST-MODIFIED:20241008T090739Z
TRANSP:transparent
END:VEVENT
BEGIN:VEVENT
SUMMARY:La Inmaculada Concepción observada  (AN\, AR\, O\, CL\, EX\, ML\,
  MU)
DTSTART;VALUE=DATE:20241209
DTEND;VALUE=DATE:20241210
DTSTAMP:20241008T090739Z
UID:a645dcc877f936bfcb3a21103c6eaacc-2024
CATEGORIES:Holidays
CLASS:public
DESCRIPTION:Autonomous Community Holiday -  La Inmaculada Concepción obse
 rvada es un día festivo de la comunidad autónoma en España
LAST-MODIFIED:20241008T090739Z
TRANSP:transparent
END:VEVENT
BEGIN:VEVENT
SUMMARY:Día de San Esteban  (Catalonia)
DTSTART;VALUE=DATE:20241226
DTEND;VALUE=DATE:20241227
DTSTAMP:20241008T090739Z
UID:459ef9e6e495763c7459e36cad9a8067-2024
CATEGORIES:Holidays
CLASS:public
DESCRIPTION:Autonomous Community Holiday -  La fiesta de San Esteban es un
 a fiesta para conmemorar la vida y la muerte de un santo cristiano primiti
 vo.
LAST-MODIFIED:20241008T090739Z
TRANSP:transparent
END:VEVENT
BEGIN:VEVENT
SUMMARY:Día de Año Nuevo 
DTSTART;VALUE=DATE:20250101
DTEND;VALUE=DATE:20250102
DTSTAMP:20241008T090739Z
UID:c3839fac9c0f22d7fc1df07653572f14-2025
CATEGORIES:Holidays
CLASS:public
DESCRIPTION:National holiday -  El día de Año Nuevo es el primer día de
 l año\, o 1 de enero\, en el calendario gregoriano.
LAST-MODIFIED:20241008T090739Z
TRANSP:transparent
END:VEVENT
BEGIN:VEVENT
SUMMARY:Epifanía 
DTSTART;VALUE=DATE:20250106
DTEND;VALUE=DATE:20250107
DTSTAMP:20241008T090739Z
UID:afcf53ee9fe5600ba17ffab2ee5983fe-2025
CATEGORIES:Holidays
CLASS:public
DESCRIPTION:National holiday -  La Epifanía es un día festivo y el día 
 en que se intercambian la mayoría de los regalos de Navidad en España.
LAST-MODIFIED:20241008T090739Z
TRANSP:transparent
END:VEVENT
BEGIN:VEVENT
SUMMARY:Viernes Santo 
DTSTART;VALUE=DATE:20250418
DTEND;VALUE=DATE:20250419
DTSTAMP:20241008T090739Z
UID:427532572f740fe4132f6795cb94c012-2025
CATEGORIES:Holidays
CLASS:public
DESCRIPTION:National holiday -  El Viernes Santo es una celebración crist
 iana mundial dos días antes del Domingo de Pascua.
LAST-MODIFIED:20241008T090739Z
TRANSP:transparent
END:VEVENT
BEGIN:VEVENT
SUMMARY:Día del Trabajo/Primero de Mayo 
DTSTART;VALUE=DATE:20250501
DTEND;VALUE=DATE:20250502
DTSTAMP:20241008T090739Z
UID:5d3280d2d2103ca43dff34c99c2f19cd-2025
CATEGORIES:Holidays
CLASS:public
DESCRIPTION:National holiday -  El Día del Trabajo\, el Día Internaciona
 l de los Trabajadores y el Primero de Mayo son un día libre para los trab
 ajadores de muchos países del mundo.
LAST-MODIFIED:20241008T090739Z
TRANSP:transparent
END:VEVENT
BEGIN:VEVENT
SUMMARY:Asunción de María 
DTSTART;VALUE=DATE:20250815
DTEND;VALUE=DATE:20250816
DTSTAMP:20241008T090739Z
UID:3c4a114429478b29a48801eae9e0ad96-2025
CATEGORIES:Holidays
CLASS:public
DESCRIPTION:National holiday -  La fiesta cristiana de la Asunción de Mar
 ía es el 15 de agosto o alrededor de esa fecha en la mayoría de los paí
 ses. Algunos celebran el Día de la Asunción en otras épocas del año.
LAST-MODIFIED:20241008T090739Z
TRANSP:transparent
END:VEVENT
BEGIN:VEVENT
SUMMARY:Día de la Hispanidad 
DTSTART;VALUE=DATE:20251012
DTEND;VALUE=DATE:20251013
DTSTAMP:20241008T090739Z
UID:7cb389528db789a9bb45fcf3912e1204-2025
CATEGORIES:Holidays
CLASS:public
DESCRIPTION:National holiday -  El Día de la Hispanidad marca el aniversa
 rio de la fecha en que Cristóbal Colón puso un pie por primera vez en la
 s Américas. El 12 de octubre es un día festivo en España.
LAST-MODIFIED:20241008T090739Z
TRANSP:transparent
END:VEVENT
BEGIN:VEVENT
SUMMARY:El Día de la Hispanidad  (AN\, EX\, AR\, O\, ML\, CE)
DTSTART;VALUE=DATE:20251013
DTEND;VALUE=DATE:20251014
DTSTAMP:20241008T090739Z
UID:0b889194284b58aa13518e0e7bb1f0ac-2025
CATEGORIES:Holidays
CLASS:public
DESCRIPTION:National holiday -  El Día de la Hispanidad marca el aniversa
 rio de la fecha en que Cristóbal Colón puso un pie por primera vez en la
 s Américas. El 12 de octubre es un día festivo en España.
LAST-MODIFIED:20241008T090739Z
TRANSP:transparent
END:VEVENT
BEGIN:VEVENT
SUMMARY:Día de Todos los Santos 
DTSTART;VALUE=DATE:20251101
DTEND;VALUE=DATE:20251102
DTSTAMP:20241008T090739Z
UID:313a1eb3dce48dd6e9bd4953566e471b-2025
CATEGORIES:Holidays
CLASS:public
DESCRIPTION:National holiday -  Muchas iglesias honran a todos sus santos 
 el Día de Todos los Santos\, también conocido como Día de Todos los San
 tos.
LAST-MODIFIED:20241008T090739Z
TRANSP:transparent
END:VEVENT
BEGIN:VEVENT
SUMMARY:Día de la Constitución 
DTSTART;VALUE=DATE:20251206
DTEND;VALUE=DATE:20251207
DTSTAMP:20241008T090739Z
UID:e2cd31393d7df0c6d213c6ee7e2b119e-2025
CATEGORIES:Holidays
CLASS:public
DESCRIPTION:National holiday -  El Día de la Constitución marca el anive
 rsario del referéndum para aprobar la Constitución española y es un dí
 a festivo en España.
LAST-MODIFIED:20241008T090739Z
TRANSP:transparent
END:VEVENT
BEGIN:VEVENT
SUMMARY:Inmaculada Concepción 
DTSTART;VALUE=DATE:20251208
DTEND;VALUE=DATE:20251209
DTSTAMP:20241008T090739Z
UID:98d784eb8bc9b0a1382f582bb3764887-2025
CATEGORIES:Holidays
CLASS:public
DESCRIPTION:National holiday -  La fiesta de la Inmaculada Concepción es 
 una celebración cristiana que se celebra el 8 de diciembre de cada año.
LAST-MODIFIED:20241008T090739Z
TRANSP:transparent
END:VEVENT
BEGIN:VEVENT
SUMMARY:Día de Navidad 
DTSTART;VALUE=DATE:20251225
DTEND;VALUE=DATE:20251226
DTSTAMP:20241008T090739Z
UID:35207a676a09713afd02f164d3040c9e-2025
CATEGORIES:Holidays
CLASS:public
DESCRIPTION:National holiday -  El día de Navidad es una de las mayores c
 elebraciones cristianas y cae el 25 de diciembre en el calendario gregoria
 no.
LAST-MODIFIED:20241008T090739Z
TRANSP:transparent
END:VEVENT
BEGIN:VEVENT
SUMMARY:Día de Andalucía  (Andalusia)
DTSTART;VALUE=DATE:20250228
DTEND;VALUE=DATE:20250301
DTSTAMP:20241008T090740Z
UID:ff1f6ba4dc6f527f9f2431ef68f4d746-2025
CATEGORIES:Holidays
CLASS:public
DESCRIPTION:Autonomous Community Holiday -  El Día de Andalucía\, tambi
 én conocido como Día de Andalucía\, es un día festivo anual en la comu
 nidad autónoma de Andalucía en España el 28 de febrero.
LAST-MODIFIED:20241008T090740Z
TRANSP:transparent
END:VEVENT
BEGIN:VEVENT
SUMMARY:Día de las Islas Baleares  (Balearic Islands)
DTSTART;VALUE=DATE:20250301
DTEND;VALUE=DATE:20250302
DTSTAMP:20241008T090740Z
UID:7c5f7650fe19ae2839361e58d2172892-2025
CATEGORIES:Holidays
CLASS:public
DESCRIPTION:Autonomous Community Holiday -  El Día de las Islas Baleares 
 se celebra el 1 de marzo para recordar la fecha en que entró en vigor el 
 Estatuto de Autonomía de las Islas Baleares. Es un día festivo local en 
 esta zona de España.
LAST-MODIFIED:20241008T090740Z
TRANSP:transparent
END:VEVENT
BEGIN:VEVENT
SUMMARY:San José  (MU\, VC)
DTSTART;VALUE=DATE:20250319
DTEND;VALUE=DATE:20250320
DTSTAMP:20241008T090740Z
UID:143c41e1f48987a06c9ee4c839fb4db7-2025
CATEGORIES:Holidays
CLASS:public
DESCRIPTION:Autonomous Community Holiday -  El Día de San José honra a S
 an José\, el cónyuge de la Virgen María. Es un día festivo en algunas 
 partes de España el 19 de marzo de cada año.
LAST-MODIFIED:20241008T090740Z
TRANSP:transparent
END:VEVENT
BEGIN:VEVENT
SUMMARY:Eid al-Fitr  (Melilla)
DTSTART;VALUE=DATE:20250331
DTEND;VALUE=DATE:20250401
DTSTAMP:20241008T090740Z
UID:c8286f4e969b881b6d605d2452e48c22-2025
CATEGORIES:Holidays
CLASS:public
DESCRIPTION:Autonomous Community Holiday -  El Eid al-Fitr es una festivid
 ad que marca el final del mes islámico del Ramadán\, durante el cual los
  musulmanes ayunan durante las horas del día.
LAST-MODIFIED:20241008T090740Z
TRANSP:transparent
END:VEVENT
BEGIN:VEVENT
SUMMARY:Jueves Santo  (All except CT\, VC)
DTSTART;VALUE=DATE:20250417
DTEND;VALUE=DATE:20250418
DTSTAMP:20241008T090740Z
UID:0d0e8540fc4a7974b3eb956771268418-2025
CATEGORIES:Holidays
CLASS:public
DESCRIPTION:Autonomous Community Holiday -  El Jueves Santo es una celebra
 ción cristiana que se celebra el jueves de Semana Santa. Es el día anter
 ior al Viernes Santo.
LAST-MODIFIED:20241008T090740Z
TRANSP:transparent
END:VEVENT
BEGIN:VEVENT
SUMMARY:Lunes de Pascua  (IB\, PV\, CT\, LO\, NA\, VC)
DTSTART;VALUE=DATE:20250421
DTEND;VALUE=DATE:20250422
DTSTAMP:20241008T090740Z
UID:9e286438c0d3d64f3acd76605c4f3449-2025
CATEGORIES:Holidays
CLASS:public
DESCRIPTION:Autonomous Community Holiday -  El lunes de Pascua es el día 
 después del domingo de Pascua.
LAST-MODIFIED:20241008T090740Z
TRANSP:transparent
END:VEVENT
BEGIN:VEVENT
SUMMARY:Día de Aragón  (Aragon)
DTSTART;VALUE=DATE:20250423
DTEND;VALUE=DATE:20250424
DTSTAMP:20241008T090740Z
UID:b7ea58b9e9345f76ea43444d0272d80e-2025
CATEGORIES:Holidays
CLASS:public
DESCRIPTION:Autonomous Community Holiday -  El Día de Aragón celebra la 
 cultura y la historia de la región española de Aragón. Es un día festi
 vo local anual el 23 de abril.
LAST-MODIFIED:20241008T090740Z
TRANSP:transparent
END:VEVENT
BEGIN:VEVENT
SUMMARY:Día de Castilla y León  (Castile-Leon)
DTSTART;VALUE=DATE:20250423
DTEND;VALUE=DATE:20250424
DTSTAMP:20241008T090740Z
UID:aefc1823793fc7705b9795369a4a446d-2025
CATEGORIES:Holidays
CLASS:public
DESCRIPTION:Autonomous Community Holiday -  El Día de Castilla y León se
  celebra en la comunidad autónoma española de Castilla y León el 23 de 
 abril de cada año.
LAST-MODIFIED:20241008T090740Z
TRANSP:transparent
END:VEVENT
BEGIN:VEVENT
SUMMARY:Día de Madrid  (Madrid)
DTSTART;VALUE=DATE:20250502
DTEND;VALUE=DATE:20250503
DTSTAMP:20241008T090740Z
UID:5b29edd541536226114f71ee04712138-2025
CATEGORIES:Holidays
CLASS:public
DESCRIPTION:Autonomous Community Holiday -  El Día de la Comunidad Autón
 oma de Madrid\, España\, marca el aniversario de un levantamiento contra 
 las tropas francesas en Madrid. Es un día festivo local anual que se cele
 bra el 2 de mayo.
LAST-MODIFIED:20241008T090740Z
TRANSP:transparent
END:VEVENT
BEGIN:VEVENT
SUMMARY:Día de la Literatura de Galicia  (Galicia)
DTSTART;VALUE=DATE:20250517
DTEND;VALUE=DATE:20250518
DTSTAMP:20241008T090740Z
UID:2d156616bb2086001fbaefacf46f29ca-2025
CATEGORIES:Holidays
CLASS:public
DESCRIPTION:Autonomous Community Holiday -  El Día de la Literatura de Ga
 licia es un día festivo de la comunidad autónoma en España
LAST-MODIFIED:20241008T090740Z
TRANSP:transparent
END:VEVENT
BEGIN:VEVENT
SUMMARY:Día de las Islas Canarias  (Canary Islands)
DTSTART;VALUE=DATE:20250530
DTEND;VALUE=DATE:20250531
DTSTAMP:20241008T090740Z
UID:4a40dab4e3afc60a801f52abde634f49-2025
CATEGORIES:Holidays
CLASS:public
DESCRIPTION:Autonomous Community Holiday -  El Día de las Islas Canarias 
 marca el aniversario de la primera sesión del Parlamento autónomo de las
  Islas Canarias. Es un día festivo local en las Islas Canarias el 30 de m
 ayo de cada año.
LAST-MODIFIED:20241008T090740Z
TRANSP:transparent
END:VEVENT
BEGIN:VEVENT
SUMMARY:Día de Castilla-La Mancha  (Castile-La Mancha)
DTSTART;VALUE=DATE:20250531
DTEND;VALUE=DATE:20250601
DTSTAMP:20241008T090740Z
UID:5f74d1f5eab8dfd914a7caf432f8ba24-2025
CATEGORIES:Holidays
CLASS:public
DESCRIPTION:Autonomous Community Holiday -  El Día de la Región de Casti
 lla-La Mancha marca el aniversario de la apertura de los primeros tribunal
 es regionales de Castilla-La Mancha. El 31 de mayo es un día festivo anua
 l en esta región española.
LAST-MODIFIED:20241008T090740Z
TRANSP:transparent
END:VEVENT
BEGIN:VEVENT
SUMMARY:Eid al-Adha  (CE\, ML)
DTSTART;VALUE=DATE:20250607
DTEND;VALUE=DATE:20250608
DTSTAMP:20241008T090740Z
UID:a3d17c825a15ab852b8c6c80c9f6c3c0-2025
CATEGORIES:Holidays
CLASS:public
DESCRIPTION:Autonomous Community Holiday -  Eid al-Adha (Id ul-Adha) es un
  festival islámico que se celebra el décimo día del mes de Dhul Hijja (
 Thou al-Hijja) para conmemorar la voluntad de Ibrahim (Abraham) de sacrifi
 car a su hijo.
LAST-MODIFIED:20241008T090740Z
TRANSP:transparent
END:VEVENT
BEGIN:VEVENT
SUMMARY:Día de Murcia  (Murcia)
DTSTART;VALUE=DATE:20250609
DTEND;VALUE=DATE:20250610
DTSTAMP:20241008T090740Z
UID:9cda92610e94654798e05c4b41441381-2025
CATEGORIES:Holidays
CLASS:public
DESCRIPTION:Autonomous Community Holiday -  El Día de la Región de Murci
 a marca el aniversario de la aprobación de los estatutos de autonomía de
  Murcia. Es un día festivo anual en Murcia\, España\, el 9 de junio.
LAST-MODIFIED:20241008T090740Z
TRANSP:transparent
END:VEVENT
BEGIN:VEVENT
SUMMARY:Día de La Rioja  (La Rioja)
DTSTART;VALUE=DATE:20250609
DTEND;VALUE=DATE:20250610
DTSTAMP:20241008T090740Z
UID:9891ef20ace0835890957c3984a0c465-2025
CATEGORIES:Holidays
CLASS:public
DESCRIPTION:Autonomous Community Holiday -  El Día de La Rioja es un día
  festivo anual en la comunidad autónoma española de La Rioja el 9 de jun
 io.
LAST-MODIFIED:20241008T090740Z
TRANSP:transparent
END:VEVENT
BEGIN:VEVENT
SUMMARY:San Antonio  (Ceuta)
DTSTART;VALUE=DATE:20250613
DTEND;VALUE=DATE:20250614
DTSTAMP:20241008T090740Z
UID:d6de5ca1d156f1fadada41e43d6a1b5b-2025
CATEGORIES:Holidays
CLASS:public
DESCRIPTION:Autonomous Community Holiday -  El Día de San Antonio de Padu
 a marca el aniversario de la muerte de San Antonio. Es un día festivo loc
 al en Ceuta\, España\, el 13 de junio de cada año.
LAST-MODIFIED:20241008T090740Z
TRANSP:transparent
END:VEVENT
BEGIN:VEVENT
SUMMARY:Corpus Christi  (Castile-La Mancha)
DTSTART;VALUE=DATE:20250619
DTEND;VALUE=DATE:20250620
DTSTAMP:20241008T090740Z
UID:a2a419a9fd06b19a0d3e4df05ff2655c-2025
CATEGORIES:Holidays
CLASS:public
DESCRIPTION:Autonomous Community Holiday -  El Corpus Christi es una fiest
 a cristiana en honor a la Sagrada Eucaristía.
LAST-MODIFIED:20241008T090740Z
TRANSP:transparent
END:VEVENT
BEGIN:VEVENT
SUMMARY:Día de San Juan Bautista  (CT\, VC)
DTSTART;VALUE=DATE:20250624
DTEND;VALUE=DATE:20250625
DTSTAMP:20241008T090740Z
UID:fea385748a38360815dc0986056afc9d-2025
CATEGORIES:Holidays
CLASS:public
DESCRIPTION:Autonomous Community Holiday -  El Día de San Juan Bautista s
 e celebra anualmente el 24 de junio para honrar la vida de San Juan\, uno 
 de los primeros santos cristianos. Es un día festivo en Cataluña\, Espa
 ña.
LAST-MODIFIED:20241008T090740Z
TRANSP:transparent
END:VEVENT
BEGIN:VEVENT
SUMMARY:Fiesta del Apóstol Santiago El Día de Santiago es una ocasión p
 ara honrar la vida y las obras de uno de los discípulos de Jesús. El 25 
 de julio es un día festivo en las comunidades autónomas del País Vasco 
 y Galicia en España. (PV\, GA\, NA\, S\, M)
DTSTART;VALUE=DATE:20250725
DTEND;VALUE=DATE:20250726
DTSTAMP:20241008T090740Z
UID:46e0cc83c2e1b2c15b4f37ad1cb4a6a3-2025
CATEGORIES:Holidays
CLASS:public
DESCRIPTION:Autonomous Community Holiday - Saint James' Day is an occasion
  to honor the life and deeds of one of Jesus' disciples. It is a public ho
 liday in the autonomous communities of the Basque Country and Galicia in S
 pain on July 25.
LAST-MODIFIED:20241008T090740Z
TRANSP:transparent
END:VEVENT
BEGIN:VEVENT
SUMMARY:Día de las Instituciones  (Cantabria)
DTSTART;VALUE=DATE:20250728
DTEND;VALUE=DATE:20250729
DTSTAMP:20241008T090740Z
UID:1987c3014ad04c26047d63c4b03ea9c3-2025
CATEGORIES:Holidays
CLASS:public
DESCRIPTION:Autonomous Community Holiday -  El Día de las Instituciones d
 e Cantabria marca el aniversario de la creación de la provincia de Cantab
 ria.
LAST-MODIFIED:20241008T090740Z
TRANSP:transparent
END:VEVENT
BEGIN:VEVENT
SUMMARY:El Día de Nuestra Señora de África  (Ceuta)
DTSTART;VALUE=DATE:20250805
DTEND;VALUE=DATE:20250806
DTSTAMP:20241008T090740Z
UID:8999f42d6c41c9274b8a69afdf76ba56-2025
CATEGORIES:Holidays
CLASS:public
DESCRIPTION:Autonomous Community Holiday -  El Día de Nuestra Señora de 
 África honra a la santa patrona de la ciudad de Ceuta. Es un día festivo
  en esta ciudad española el 5 de agosto.
LAST-MODIFIED:20241008T090740Z
TRANSP:transparent
END:VEVENT
BEGIN:VEVENT
SUMMARY:Día de la Ciudad Independiente de Ceuta  (Ceuta)
DTSTART;VALUE=DATE:20250902
DTEND;VALUE=DATE:20250903
DTSTAMP:20241008T090740Z
UID:9b1b96dd2063dc6f6a813d82acf08e98-2025
CATEGORIES:Holidays
CLASS:public
DESCRIPTION:Autonomous Community Holiday -  El Día de Ceuta se celebra co
 mo día festivo local en la ciudad de Ceuta (España) el 2 de septiembre d
 e cada año. Esta fecha conmemora cuando Pedro de Menezes (Meneses) tomó 
 el control de Ceuta.
LAST-MODIFIED:20241008T090740Z
TRANSP:transparent
END:VEVENT
BEGIN:VEVENT
SUMMARY:Día de Asturias  (Asturias)
DTSTART;VALUE=DATE:20250908
DTEND;VALUE=DATE:20250909
DTSTAMP:20241008T090740Z
UID:4cd482aa77fc918cd28209216ec17d0f-2025
CATEGORIES:Holidays
CLASS:public
DESCRIPTION:Autonomous Community Holiday -  El Día de Asturias conmemora 
 a la Virgen de Covadonga y la Batalla de Covadonga. Es un día festivo loc
 al anual en la comunidad autónoma de Asturias en España el 8 de septiemb
 re.
LAST-MODIFIED:20241008T090740Z
TRANSP:transparent
END:VEVENT
BEGIN:VEVENT
SUMMARY:Día de Extremadura  (Extremadura)
DTSTART;VALUE=DATE:20250908
DTEND;VALUE=DATE:20250909
DTSTAMP:20241008T090740Z
UID:99c8d05ed2c6dfeef58a06c6c68dc8be-2025
CATEGORIES:Holidays
CLASS:public
DESCRIPTION:Autonomous Community Holiday -  El Día de Extremadura marca e
 l aniversario del nacimiento de la Virgen María. Es un día festivo local
  en Extremadura\, España\, el 8 de septiembre.
LAST-MODIFIED:20241008T090740Z
TRANSP:transparent
END:VEVENT
BEGIN:VEVENT
SUMMARY:Virgen de la Victoria  (Melilla)
DTSTART;VALUE=DATE:20250908
DTEND;VALUE=DATE:20250909
DTSTAMP:20241008T090740Z
UID:a57a7e3e1f1206e618818bdc05fb0a6b-2025
CATEGORIES:Holidays
CLASS:public
DESCRIPTION:Autonomous Community Holiday -  Virgen de la Victoria es una f
 iesta de la comunidad autónoma en España
LAST-MODIFIED:20241008T090740Z
TRANSP:transparent
END:VEVENT
BEGIN:VEVENT
SUMMARY:Día Nacional de Cataluña  (Catalonia)
DTSTART;VALUE=DATE:20250911
DTEND;VALUE=DATE:20250912
DTSTAMP:20241008T090740Z
UID:bc9b251b14e638a273cb274da8b8b114-2025
CATEGORIES:Holidays
CLASS:public
DESCRIPTION:Autonomous Community Holiday -  El Día de Cataluña conmemora
  el fin del sitio de Barcelona en 1714. Es un día festivo local en Barcel
 ona\, España\, el 11 de septiembre.
LAST-MODIFIED:20241008T090740Z
TRANSP:transparent
END:VEVENT
BEGIN:VEVENT
SUMMARY:Nuestra Señora de la Bien Aparecida  (Cantabria)
DTSTART;VALUE=DATE:20250915
DTEND;VALUE=DATE:20250916
DTSTAMP:20241008T090740Z
UID:c98fe2bdbd4c409c24e0f92519f2bbe5-2025
CATEGORIES:Holidays
CLASS:public
DESCRIPTION:Autonomous Community Holiday -  Nuestra Señora de la Bien Apa
 recida es un día festivo de la comunidad autónoma en España
LAST-MODIFIED:20241008T090740Z
TRANSP:transparent
END:VEVENT
BEGIN:VEVENT
SUMMARY:Día de Melilla  (Melilla)
DTSTART;VALUE=DATE:20250917
DTEND;VALUE=DATE:20250918
DTSTAMP:20241008T090740Z
UID:a02d5a5467766828c6389d9280adc77d-2025
CATEGORIES:Holidays
CLASS:public
DESCRIPTION:Autonomous Community Holiday -  El Día de Melilla marca el an
 iversario de la toma de la ciudad en 1497 y es un día festivo en Melilla\
 , España.
LAST-MODIFIED:20241008T090740Z
TRANSP:transparent
END:VEVENT
BEGIN:VEVENT
SUMMARY:Día de la Comunidad Valenciana  (Valencia)
DTSTART;VALUE=DATE:20251009
DTEND;VALUE=DATE:20251010
DTSTAMP:20241008T090740Z
UID:c481128813b61c586b41ee1c5a2ad444-2025
CATEGORIES:Holidays
CLASS:public
DESCRIPTION:Autonomous Community Holiday -  El Día de la Comunidad Valenc
 iana es un día festivo local en Valencia\, España\, que se celebra el 9 
 de octubre de cada año. Celebra la cultura y la historia valencianas.
LAST-MODIFIED:20241008T090740Z
TRANSP:transparent
END:VEVENT
BEGIN:VEVENT
SUMMARY:Día de Navarra  (Navarre)
DTSTART;VALUE=DATE:20251203
DTEND;VALUE=DATE:20251204
DTSTAMP:20241008T090740Z
UID:0b6bb410a7b27111e30a47835535df6e-2025
CATEGORIES:Holidays
CLASS:public
DESCRIPTION:Autonomous Community Holiday -  La gente celebra la cultura de
  la región de Navarra en España y la vida de San Francisco Javier en el 
 Día de Navarra. Es un día festivo local anual en esta región el 3 de di
 ciembre.
LAST-MODIFIED:20241008T090740Z
TRANSP:transparent
END:VEVENT
BEGIN:VEVENT
SUMMARY:Día de Año Nuevo 
DTSTART;VALUE=DATE:20260101
DTEND;VALUE=DATE:20260102
DTSTAMP:20241008T090740Z
UID:c3839fac9c0f22d7fc1df07653572f14-2026
CATEGORIES:Holidays
CLASS:public
DESCRIPTION:National holiday -  El día de Año Nuevo es el primer día de
 l año\, o 1 de enero\, en el calendario gregoriano.
LAST-MODIFIED:20241008T090740Z
TRANSP:transparent
END:VEVENT
BEGIN:VEVENT
SUMMARY:Epifanía 
DTSTART;VALUE=DATE:20260106
DTEND;VALUE=DATE:20260107
DTSTAMP:20241008T090740Z
UID:afcf53ee9fe5600ba17ffab2ee5983fe-2026
CATEGORIES:Holidays
CLASS:public
DESCRIPTION:National holiday -  La Epifanía es un día festivo y el día 
 en que se intercambian la mayoría de los regalos de Navidad en España.
LAST-MODIFIED:20241008T090740Z
TRANSP:transparent
END:VEVENT
BEGIN:VEVENT
SUMMARY:Viernes Santo 
DTSTART;VALUE=DATE:20260403
DTEND;VALUE=DATE:20260404
DTSTAMP:20241008T090740Z
UID:427532572f740fe4132f6795cb94c012-2026
CATEGORIES:Holidays
CLASS:public
DESCRIPTION:National holiday -  El Viernes Santo es una celebración crist
 iana mundial dos días antes del Domingo de Pascua.
LAST-MODIFIED:20241008T090740Z
TRANSP:transparent
END:VEVENT
BEGIN:VEVENT
SUMMARY:Día del Trabajo/Primero de Mayo 
DTSTART;VALUE=DATE:20260501
DTEND;VALUE=DATE:20260502
DTSTAMP:20241008T090740Z
UID:5d3280d2d2103ca43dff34c99c2f19cd-2026
CATEGORIES:Holidays
CLASS:public
DESCRIPTION:National holiday -  El Día del Trabajo\, el Día Internaciona
 l de los Trabajadores y el Primero de Mayo son un día libre para los trab
 ajadores de muchos países del mundo.
LAST-MODIFIED:20241008T090740Z
TRANSP:transparent
END:VEVENT
BEGIN:VEVENT
SUMMARY:Asunción de María 
DTSTART;VALUE=DATE:20260815
DTEND;VALUE=DATE:20260816
DTSTAMP:20241008T090740Z
UID:3c4a114429478b29a48801eae9e0ad96-2026
CATEGORIES:Holidays
CLASS:public
DESCRIPTION:National holiday -  La fiesta cristiana de la Asunción de Mar
 ía es el 15 de agosto o alrededor de esa fecha en la mayoría de los paí
 ses. Algunos celebran el Día de la Asunción en otras épocas del año.
LAST-MODIFIED:20241008T090740Z
TRANSP:transparent
END:VEVENT
BEGIN:VEVENT
SUMMARY:Día de la Hispanidad 
DTSTART;VALUE=DATE:20261012
DTEND;VALUE=DATE:20261013
DTSTAMP:20241008T090740Z
UID:7cb389528db789a9bb45fcf3912e1204-2026
CATEGORIES:Holidays
CLASS:public
DESCRIPTION:National holiday -  El Día de la Hispanidad marca el aniversa
 rio de la fecha en que Cristóbal Colón puso un pie por primera vez en la
 s Américas. El 12 de octubre es un día festivo en España.
LAST-MODIFIED:20241008T090740Z
TRANSP:transparent
END:VEVENT
BEGIN:VEVENT
SUMMARY:Día de Todos los Santos 
DTSTART;VALUE=DATE:20261101
DTEND;VALUE=DATE:20261102
DTSTAMP:20241008T090740Z
UID:313a1eb3dce48dd6e9bd4953566e471b-2026
CATEGORIES:Holidays
CLASS:public
DESCRIPTION:National holiday -  Muchas iglesias honran a todos sus santos 
 el Día de Todos los Santos\, también conocido como Día de Todos los San
 tos.
LAST-MODIFIED:20241008T090740Z
TRANSP:transparent
END:VEVENT
BEGIN:VEVENT
SUMMARY:Día libre para el Día de Todos los Santos 
DTSTART;VALUE=DATE:20261102
DTEND;VALUE=DATE:20261103
DTSTAMP:20241008T090740Z
UID:313a1eb3dce48dd6e9bd4953566e471b-2026
CATEGORIES:Holidays
CLASS:public
DESCRIPTION:National holiday -  Muchas iglesias honran a todos sus santos 
 el Día de Todos los Santos\, también conocido como Día de Todos los San
 tos.
LAST-MODIFIED:20241008T090740Z
TRANSP:transparent
END:VEVENT
BEGIN:VEVENT
SUMMARY:Día de la Constitución 
DTSTART;VALUE=DATE:20261206
DTEND;VALUE=DATE:20261207
DTSTAMP:20241008T090740Z
UID:e2cd31393d7df0c6d213c6ee7e2b119e-2026
CATEGORIES:Holidays
CLASS:public
DESCRIPTION:National holiday -  El Día de la Constitución marca el anive
 rsario del referéndum para aprobar la Constitución española y es un dí
 a festivo en España.
LAST-MODIFIED:20241008T090740Z
TRANSP:transparent
END:VEVENT
BEGIN:VEVENT
SUMMARY:Día libre por el Día de la Constitución 
DTSTART;VALUE=DATE:20261207
DTEND;VALUE=DATE:20261208
DTSTAMP:20241008T090740Z
UID:e2cd31393d7df0c6d213c6ee7e2b119e-2026
CATEGORIES:Holidays
CLASS:public
DESCRIPTION:National holiday -  El Día de la Constitución marca el anive
 rsario del referéndum para aprobar la Constitución española y es un dí
 a festivo en España.
LAST-MODIFIED:20241008T090740Z
TRANSP:transparent
END:VEVENT
BEGIN:VEVENT
SUMMARY:Inmaculada Concepción 
DTSTART;VALUE=DATE:20261208
DTEND;VALUE=DATE:20261209
DTSTAMP:20241008T090740Z
UID:98d784eb8bc9b0a1382f582bb3764887-2026
CATEGORIES:Holidays
CLASS:public
DESCRIPTION:National holiday -  La fiesta de la Inmaculada Concepción es 
 una celebración cristiana que se celebra el 8 de diciembre de cada año.
LAST-MODIFIED:20241008T090740Z
TRANSP:transparent
END:VEVENT
BEGIN:VEVENT
SUMMARY:Día de Navidad 
DTSTART;VALUE=DATE:20261225
DTEND;VALUE=DATE:20261226
DTSTAMP:20241008T090740Z
UID:35207a676a09713afd02f164d3040c9e-2026
CATEGORIES:Holidays
CLASS:public
DESCRIPTION:National holiday -  El día de Navidad es una de las mayores c
 elebraciones cristianas y cae el 25 de diciembre en el calendario gregoria
 no.
LAST-MODIFIED:20241008T090740Z
TRANSP:transparent
END:VEVENT
BEGIN:VEVENT
SUMMARY:Día de Andalucía  (Andalusia)
DTSTART;VALUE=DATE:20260228
DTEND;VALUE=DATE:20260301
DTSTAMP:20241008T090740Z
UID:ff1f6ba4dc6f527f9f2431ef68f4d746-2026
CATEGORIES:Holidays
CLASS:public
DESCRIPTION:Autonomous Community Holiday -  El Día de Andalucía\, tambi
 én conocido como Día de Andalucía\, es un día festivo anual en la comu
 nidad autónoma de Andalucía en España el 28 de febrero.
LAST-MODIFIED:20241008T090740Z
TRANSP:transparent
END:VEVENT
BEGIN:VEVENT
SUMMARY:Día de las Islas Baleares  (Balearic Islands)
DTSTART;VALUE=DATE:20260301
DTEND;VALUE=DATE:20260302
DTSTAMP:20241008T090740Z
UID:7c5f7650fe19ae2839361e58d2172892-2026
CATEGORIES:Holidays
CLASS:public
DESCRIPTION:Autonomous Community Holiday -  El Día de las Islas Baleares 
 se celebra el 1 de marzo para recordar la fecha en que entró en vigor el 
 Estatuto de Autonomía de las Islas Baleares. Es un día festivo local en 
 esta zona de España.
LAST-MODIFIED:20241008T090740Z
TRANSP:transparent
END:VEVENT
BEGIN:VEVENT
SUMMARY:San José  (MU\, VC)
DTSTART;VALUE=DATE:20260319
DTEND;VALUE=DATE:20260320
DTSTAMP:20241008T090740Z
UID:143c41e1f48987a06c9ee4c839fb4db7-2026
CATEGORIES:Holidays
CLASS:public
DESCRIPTION:Autonomous Community Holiday -  El Día de San José honra a S
 an José\, el cónyuge de la Virgen María. Es un día festivo en algunas 
 partes de España el 19 de marzo de cada año.
LAST-MODIFIED:20241008T090740Z
TRANSP:transparent
END:VEVENT
BEGIN:VEVENT
SUMMARY:Eid al-Fitr  (Melilla)
DTSTART;VALUE=DATE:20260320
DTEND;VALUE=DATE:20260321
DTSTAMP:20241008T090740Z
UID:c8286f4e969b881b6d605d2452e48c22-2026
CATEGORIES:Holidays
CLASS:public
DESCRIPTION:Autonomous Community Holiday -  El Eid al-Fitr es una festivid
 ad que marca el final del mes islámico del Ramadán\, durante el cual los
  musulmanes ayunan durante las horas del día.
LAST-MODIFIED:20241008T090740Z
TRANSP:transparent
END:VEVENT
BEGIN:VEVENT
SUMMARY:Jueves Santo  (All except CT\, VC)
DTSTART;VALUE=DATE:20260402
DTEND;VALUE=DATE:20260403
DTSTAMP:20241008T090740Z
UID:0d0e8540fc4a7974b3eb956771268418-2026
CATEGORIES:Holidays
CLASS:public
DESCRIPTION:Autonomous Community Holiday -  El Jueves Santo es una celebra
 ción cristiana que se celebra el jueves de Semana Santa. Es el día anter
 ior al Viernes Santo.
LAST-MODIFIED:20241008T090740Z
TRANSP:transparent
END:VEVENT
BEGIN:VEVENT
SUMMARY:Lunes de Pascua  (IB\, PV\, CT\, LO\, NA\, VC)
DTSTART;VALUE=DATE:20260406
DTEND;VALUE=DATE:20260407
DTSTAMP:20241008T090740Z
UID:9e286438c0d3d64f3acd76605c4f3449-2026
CATEGORIES:Holidays
CLASS:public
DESCRIPTION:Autonomous Community Holiday -  El lunes de Pascua es el día 
 después del domingo de Pascua.
LAST-MODIFIED:20241008T090740Z
TRANSP:transparent
END:VEVENT
BEGIN:VEVENT
SUMMARY:Día de Aragón  (Aragon)
DTSTART;VALUE=DATE:20260423
DTEND;VALUE=DATE:20260424
DTSTAMP:20241008T090740Z
UID:b7ea58b9e9345f76ea43444d0272d80e-2026
CATEGORIES:Holidays
CLASS:public
DESCRIPTION:Autonomous Community Holiday -  El Día de Aragón celebra la 
 cultura y la historia de la región española de Aragón. Es un día festi
 vo local anual el 23 de abril.
LAST-MODIFIED:20241008T090740Z
TRANSP:transparent
END:VEVENT
BEGIN:VEVENT
SUMMARY:Día de Castilla y León  (Castile-Leon)
DTSTART;VALUE=DATE:20260423
DTEND;VALUE=DATE:20260424
DTSTAMP:20241008T090740Z
UID:aefc1823793fc7705b9795369a4a446d-2026
CATEGORIES:Holidays
CLASS:public
DESCRIPTION:Autonomous Community Holiday -  El Día de Castilla y León se
  celebra en la comunidad autónoma española de Castilla y León el 23 de 
 abril de cada año.
LAST-MODIFIED:20241008T090740Z
TRANSP:transparent
END:VEVENT
BEGIN:VEVENT
SUMMARY:Día de Madrid  (Madrid)
DTSTART;VALUE=DATE:20260502
DTEND;VALUE=DATE:20260503
DTSTAMP:20241008T090740Z
UID:5b29edd541536226114f71ee04712138-2026
CATEGORIES:Holidays
CLASS:public
DESCRIPTION:Autonomous Community Holiday -  El Día de la Comunidad Autón
 oma de Madrid\, España\, marca el aniversario de un levantamiento contra 
 las tropas francesas en Madrid. Es un día festivo local anual que se cele
 bra el 2 de mayo.
LAST-MODIFIED:20241008T090740Z
TRANSP:transparent
END:VEVENT
BEGIN:VEVENT
SUMMARY:Día de la Literatura de Galicia  (Galicia)
DTSTART;VALUE=DATE:20260517
DTEND;VALUE=DATE:20260518
DTSTAMP:20241008T090740Z
UID:2d156616bb2086001fbaefacf46f29ca-2026
CATEGORIES:Holidays
CLASS:public
DESCRIPTION:Autonomous Community Holiday -  El Día de la Literatura de Ga
 licia es un día festivo de la comunidad autónoma en España
LAST-MODIFIED:20241008T090740Z
TRANSP:transparent
END:VEVENT
BEGIN:VEVENT
SUMMARY:Eid al-Adha  (CE\, ML)
DTSTART;VALUE=DATE:20260527
DTEND;VALUE=DATE:20260528
DTSTAMP:20241008T090740Z
UID:a3d17c825a15ab852b8c6c80c9f6c3c0-2026
CATEGORIES:Holidays
CLASS:public
DESCRIPTION:Autonomous Community Holiday -  Eid al-Adha (Id ul-Adha) es un
  festival islámico que se celebra el décimo día del mes de Dhul Hijja (
 Thou al-Hijja) para conmemorar la voluntad de Ibrahim (Abraham) de sacrifi
 car a su hijo.
LAST-MODIFIED:20241008T090740Z
TRANSP:transparent
END:VEVENT
BEGIN:VEVENT
SUMMARY:Día de las Islas Canarias  (Canary Islands)
DTSTART;VALUE=DATE:20260530
DTEND;VALUE=DATE:20260531
DTSTAMP:20241008T090740Z
UID:4a40dab4e3afc60a801f52abde634f49-2026
CATEGORIES:Holidays
CLASS:public
DESCRIPTION:Autonomous Community Holiday -  El Día de las Islas Canarias 
 marca el aniversario de la primera sesión del Parlamento autónomo de las
  Islas Canarias. Es un día festivo local en las Islas Canarias el 30 de m
 ayo de cada año.
LAST-MODIFIED:20241008T090740Z
TRANSP:transparent
END:VEVENT
BEGIN:VEVENT
SUMMARY:Día de Castilla-La Mancha  (Castile-La Mancha)
DTSTART;VALUE=DATE:20260531
DTEND;VALUE=DATE:20260601
DTSTAMP:20241008T090740Z
UID:5f74d1f5eab8dfd914a7caf432f8ba24-2026
CATEGORIES:Holidays
CLASS:public
DESCRIPTION:Autonomous Community Holiday -  El Día de la Región de Casti
 lla-La Mancha marca el aniversario de la apertura de los primeros tribunal
 es regionales de Castilla-La Mancha. El 31 de mayo es un día festivo anua
 l en esta región española.
LAST-MODIFIED:20241008T090740Z
TRANSP:transparent
END:VEVENT
BEGIN:VEVENT
SUMMARY:Corpus Christi  (Castile-La Mancha)
DTSTART;VALUE=DATE:20260604
DTEND;VALUE=DATE:20260605
DTSTAMP:20241008T090740Z
UID:a2a419a9fd06b19a0d3e4df05ff2655c-2026
CATEGORIES:Holidays
CLASS:public
DESCRIPTION:Autonomous Community Holiday -  El Corpus Christi es una fiest
 a cristiana en honor a la Sagrada Eucaristía.
LAST-MODIFIED:20241008T090740Z
TRANSP:transparent
END:VEVENT
BEGIN:VEVENT
SUMMARY:Día de Murcia  (Murcia)
DTSTART;VALUE=DATE:20260609
DTEND;VALUE=DATE:20260610
DTSTAMP:20241008T090740Z
UID:9cda92610e94654798e05c4b41441381-2026
CATEGORIES:Holidays
CLASS:public
DESCRIPTION:Autonomous Community Holiday -  El Día de la Región de Murci
 a marca el aniversario de la aprobación de los estatutos de autonomía de
  Murcia. Es un día festivo anual en Murcia\, España\, el 9 de junio.
LAST-MODIFIED:20241008T090740Z
TRANSP:transparent
END:VEVENT
BEGIN:VEVENT
SUMMARY:Día de La Rioja  (La Rioja)
DTSTART;VALUE=DATE:20260609
DTEND;VALUE=DATE:20260610
DTSTAMP:20241008T090740Z
UID:9891ef20ace0835890957c3984a0c465-2026
CATEGORIES:Holidays
CLASS:public
DESCRIPTION:Autonomous Community Holiday -  El Día de La Rioja es un día
  festivo anual en la comunidad autónoma española de La Rioja el 9 de jun
 io.
LAST-MODIFIED:20241008T090740Z
TRANSP:transparent
END:VEVENT
BEGIN:VEVENT
SUMMARY:San Antonio  (Ceuta)
DTSTART;VALUE=DATE:20260613
DTEND;VALUE=DATE:20260614
DTSTAMP:20241008T090740Z
UID:d6de5ca1d156f1fadada41e43d6a1b5b-2026
CATEGORIES:Holidays
CLASS:public
DESCRIPTION:Autonomous Community Holiday -  El Día de San Antonio de Padu
 a marca el aniversario de la muerte de San Antonio. Es un día festivo loc
 al en Ceuta\, España\, el 13 de junio de cada año.
LAST-MODIFIED:20241008T090740Z
TRANSP:transparent
END:VEVENT
BEGIN:VEVENT
SUMMARY:Día de San Juan Bautista  (CT\, VC)
DTSTART;VALUE=DATE:20260624
DTEND;VALUE=DATE:20260625
DTSTAMP:20241008T090740Z
UID:fea385748a38360815dc0986056afc9d-2026
CATEGORIES:Holidays
CLASS:public
DESCRIPTION:Autonomous Community Holiday -  El Día de San Juan Bautista s
 e celebra anualmente el 24 de junio para honrar la vida de San Juan\, uno 
 de los primeros santos cristianos. Es un día festivo en Cataluña\, Espa
 ña.
LAST-MODIFIED:20241008T090740Z
TRANSP:transparent
END:VEVENT
BEGIN:VEVENT
SUMMARY:Fiesta del Apóstol Santiago El Día de Santiago es una ocasión p
 ara honrar la vida y las obras de uno de los discípulos de Jesús. El 25 
 de julio es un día festivo en las comunidades autónomas del País Vasco 
 y Galicia en España. (PV\, GA\, NA\, S\, M)
DTSTART;VALUE=DATE:20260725
DTEND;VALUE=DATE:20260726
DTSTAMP:20241008T090740Z
UID:46e0cc83c2e1b2c15b4f37ad1cb4a6a3-2026
CATEGORIES:Holidays
CLASS:public
DESCRIPTION:Autonomous Community Holiday - Saint James' Day is an occasion
  to honor the life and deeds of one of Jesus' disciples. It is a public ho
 liday in the autonomous communities of the Basque Country and Galicia in S
 pain on July 25.
LAST-MODIFIED:20241008T090740Z
TRANSP:transparent
END:VEVENT
BEGIN:VEVENT
SUMMARY:Día de las Instituciones  (Cantabria)
DTSTART;VALUE=DATE:20260728
DTEND;VALUE=DATE:20260729
DTSTAMP:20241008T090740Z
UID:1987c3014ad04c26047d63c4b03ea9c3-2026
CATEGORIES:Holidays
CLASS:public
DESCRIPTION:Autonomous Community Holiday -  El Día de las Instituciones d
 e Cantabria marca el aniversario de la creación de la provincia de Cantab
 ria.
LAST-MODIFIED:20241008T090740Z
TRANSP:transparent
END:VEVENT
BEGIN:VEVENT
SUMMARY:El Día de Nuestra Señora de África  (Ceuta)
DTSTART;VALUE=DATE:20260805
DTEND;VALUE=DATE:20260806
DTSTAMP:20241008T090740Z
UID:8999f42d6c41c9274b8a69afdf76ba56-2026
CATEGORIES:Holidays
CLASS:public
DESCRIPTION:Autonomous Community Holiday -  El Día de Nuestra Señora de 
 África honra a la santa patrona de la ciudad de Ceuta. Es un día festivo
  en esta ciudad española el 5 de agosto.
LAST-MODIFIED:20241008T090740Z
TRANSP:transparent
END:VEVENT
BEGIN:VEVENT
SUMMARY:Día de la Ciudad Independiente de Ceuta  (Ceuta)
DTSTART;VALUE=DATE:20260902
DTEND;VALUE=DATE:20260903
DTSTAMP:20241008T090740Z
UID:9b1b96dd2063dc6f6a813d82acf08e98-2026
CATEGORIES:Holidays
CLASS:public
DESCRIPTION:Autonomous Community Holiday -  El Día de Ceuta se celebra co
 mo día festivo local en la ciudad de Ceuta (España) el 2 de septiembre d
 e cada año. Esta fecha conmemora cuando Pedro de Menezes (Meneses) tomó 
 el control de Ceuta.
LAST-MODIFIED:20241008T090740Z
TRANSP:transparent
END:VEVENT
BEGIN:VEVENT
SUMMARY:Día de Asturias  (Asturias)
DTSTART;VALUE=DATE:20260908
DTEND;VALUE=DATE:20260909
DTSTAMP:20241008T090740Z
UID:4cd482aa77fc918cd28209216ec17d0f-2026
CATEGORIES:Holidays
CLASS:public
DESCRIPTION:Autonomous Community Holiday -  El Día de Asturias conmemora 
 a la Virgen de Covadonga y la Batalla de Covadonga. Es un día festivo loc
 al anual en la comunidad autónoma de Asturias en España el 8 de septiemb
 re.
LAST-MODIFIED:20241008T090740Z
TRANSP:transparent
END:VEVENT
BEGIN:VEVENT
SUMMARY:Día de Extremadura  (Extremadura)
DTSTART;VALUE=DATE:20260908
DTEND;VALUE=DATE:20260909
DTSTAMP:20241008T090740Z
UID:99c8d05ed2c6dfeef58a06c6c68dc8be-2026
CATEGORIES:Holidays
CLASS:public
DESCRIPTION:Autonomous Community Holiday -  El Día de Extremadura marca e
 l aniversario del nacimiento de la Virgen María. Es un día festivo local
  en Extremadura\, España\, el 8 de septiembre.
LAST-MODIFIED:20241008T090740Z
TRANSP:transparent
END:VEVENT
BEGIN:VEVENT
SUMMARY:Virgen de la Victoria  (Melilla)
DTSTART;VALUE=DATE:20260908
DTEND;VALUE=DATE:20260909
DTSTAMP:20241008T090740Z
UID:a57a7e3e1f1206e618818bdc05fb0a6b-2026
CATEGORIES:Holidays
CLASS:public
DESCRIPTION:Autonomous Community Holiday -  Virgen de la Victoria es una f
 iesta de la comunidad autónoma en España
LAST-MODIFIED:20241008T090740Z
TRANSP:transparent
END:VEVENT
BEGIN:VEVENT
SUMMARY:Día Nacional de Cataluña  (Catalonia)
DTSTART;VALUE=DATE:20260911
DTEND;VALUE=DATE:20260912
DTSTAMP:20241008T090740Z
UID:bc9b251b14e638a273cb274da8b8b114-2026
CATEGORIES:Holidays
CLASS:public
DESCRIPTION:Autonomous Community Holiday -  El Día de Cataluña conmemora
  el fin del sitio de Barcelona en 1714. Es un día festivo local en Barcel
 ona\, España\, el 11 de septiembre.
LAST-MODIFIED:20241008T090740Z
TRANSP:transparent
END:VEVENT
BEGIN:VEVENT
SUMMARY:Nuestra Señora de la Bien Aparecida  (Cantabria)
DTSTART;VALUE=DATE:20260915
DTEND;VALUE=DATE:20260916
DTSTAMP:20241008T090740Z
UID:c98fe2bdbd4c409c24e0f92519f2bbe5-2026
CATEGORIES:Holidays
CLASS:public
DESCRIPTION:Autonomous Community Holiday -  Nuestra Señora de la Bien Apa
 recida es un día festivo de la comunidad autónoma en España
LAST-MODIFIED:20241008T090740Z
TRANSP:transparent
END:VEVENT
BEGIN:VEVENT
SUMMARY:Día de Melilla  (Melilla)
DTSTART;VALUE=DATE:20260917
DTEND;VALUE=DATE:20260918
DTSTAMP:20241008T090740Z
UID:a02d5a5467766828c6389d9280adc77d-2026
CATEGORIES:Holidays
CLASS:public
DESCRIPTION:Autonomous Community Holiday -  El Día de Melilla marca el an
 iversario de la toma de la ciudad en 1497 y es un día festivo en Melilla\
 , España.
LAST-MODIFIED:20241008T090740Z
TRANSP:transparent
END:VEVENT
BEGIN:VEVENT
SUMMARY:Día de la Comunidad Valenciana  (Valencia)
DTSTART;VALUE=DATE:20261009
DTEND;VALUE=DATE:20261010
DTSTAMP:20241008T090740Z
UID:c481128813b61c586b41ee1c5a2ad444-2026
CATEGORIES:Holidays
CLASS:public
DESCRIPTION:Autonomous Community Holiday -  El Día de la Comunidad Valenc
 iana es un día festivo local en Valencia\, España\, que se celebra el 9 
 de octubre de cada año. Celebra la cultura y la historia valencianas.
LAST-MODIFIED:20241008T090740Z
TRANSP:transparent
END:VEVENT
BEGIN:VEVENT
SUMMARY:Día de Navarra  (Navarre)
DTSTART;VALUE=DATE:20261203
DTEND;VALUE=DATE:20261204
DTSTAMP:20241008T090740Z
UID:0b6bb410a7b27111e30a47835535df6e-2026
CATEGORIES:Holidays
CLASS:public
DESCRIPTION:Autonomous Community Holiday -  La gente celebra la cultura de
  la región de Navarra en España y la vida de San Francisco Javier en el 
 Día de Navarra. Es un día festivo local anual en esta región el 3 de di
 ciembre.
LAST-MODIFIED:20241008T090740Z
TRANSP:transparent
END:VEVENT
END:VCALENDAR
